ID,prediction
2019 X 7 X C4001 X AS21126,0
2019 X 7 X C4001 X AS27134,13
2019 X 7 X C4001 X AS27132,0
2019 X 7 X C4001 X AS27000,4
2019 X 7 X C4001 X AS27137,0
2019 X 7 X C4001 X AS27138,0
2019 X 7 X C4001 X AS27133,20
2019 X 7 X C4023 X AS27000,11
2019 X 7 X C4023 X AS27133,32
2019 X 8 X C4023 X AS27000,17
2019 X 8 X C4023 X AS27133,38
2019 X 8 X C4001 X AS21126,0
2019 X 8 X C4001 X AS27134,19
2019 X 8 X C4001 X AS27132,5
2019 X 8 X C4001 X AS27000,11
2019 X 8 X C4001 X AS27137,5
2019 X 8 X C4001 X AS27138,7
2019 X 8 X C4001 X AS27133,25
2019 X 9 X C4001 X AS27134,14
2019 X 9 X C4001 X AS27132,3
2019 X 9 X C4001 X AS27000,8
2019 X 9 X C4001 X AS27137,3
2019 X 9 X C4001 X AS27138,4
2019 X 9 X C4001 X AS27133,26
2019 X 9 X C4023 X AS27000,14
2019 X 9 X C4023 X AS27133,36
2019 X 7 X C1066 X AS27134,39
2019 X 7 X C1066 X AS27132,13
2019 X 7 X C1066 X AS27000,50
2019 X 7 X C1066 X AS27137,0
2019 X 7 X C1066 X AS27138,7
2019 X 7 X C1066 X AS27133,42
2019 X 7 X C1026 X AS27134,0
2019 X 7 X C1026 X AS27132,6
2019 X 7 X C1026 X AS27000,70
2019 X 7 X C1026 X AS27137,3
2019 X 7 X C1026 X AS27138,13
2019 X 7 X C1026 X AS27133,18
2019 X 7 X C1063 X AS42018,0
2019 X 7 X C1063 X AS21126,0
2019 X 7 X C1063 X AS46000,0
2019 X 7 X C1063 X AS17005,0
2019 X 7 X C1063 X AS27134,5
2019 X 7 X C1063 X AS27132,0
2019 X 7 X C1063 X AS27000,1
2019 X 7 X C1063 X AS27139,0
2019 X 7 X C1063 X AS27137,0
2019 X 7 X C1063 X AS27138,0
2019 X 7 X C1063 X AS27133,26
2019 X 7 X C1011 X AS21126,2
2019 X 7 X C1011 X AS46000,0
2019 X 7 X C1011 X AS27134,8
2019 X 7 X C1011 X AS27132,0
2019 X 7 X C1011 X AS27000,6
2019 X 7 X C1011 X AS27139,0
2019 X 7 X C1011 X AS27137,0
2019 X 7 X C1011 X AS27138,17
2019 X 7 X C1011 X AS27133,72
2019 X 7 X C1010 X AS27134,0
2019 X 7 X C1010 X AS27132,0
2019 X 7 X C1010 X AS27000,14
2019 X 7 X C1010 X AS27137,5
2019 X 7 X C1010 X AS27138,1
2019 X 7 X C1010 X AS27133,53
2019 X 8 X C1026 X AS27134,6
2019 X 8 X C1026 X AS27132,12
2019 X 8 X C1026 X AS27000,75
2019 X 8 X C1026 X AS27137,13
2019 X 8 X C1026 X AS27138,24
2019 X 8 X C1026 X AS27133,27
2019 X 8 X C1066 X AS27134,44
2019 X 8 X C1066 X AS27132,18
2019 X 8 X C1066 X AS27000,57
2019 X 8 X C1066 X AS27137,0
2019 X 8 X C1066 X AS27138,13
2019 X 8 X C1066 X AS27133,45
2019 X 8 X C1010 X AS27134,5
2019 X 8 X C1010 X AS27132,6
2019 X 8 X C1010 X AS27000,19
2019 X 8 X C1010 X AS27137,11
2019 X 8 X C1010 X AS27138,8
2019 X 8 X C1010 X AS27133,57
2019 X 8 X C1063 X AS42018,5
2019 X 8 X C1063 X AS21126,5
2019 X 8 X C1063 X AS46000,5
2019 X 8 X C1063 X AS17005,5
2019 X 8 X C1063 X AS27134,11
2019 X 8 X C1063 X AS27132,7
2019 X 8 X C1063 X AS27000,7
2019 X 8 X C1063 X AS27139,5
2019 X 8 X C1063 X AS27137,5
2019 X 8 X C1063 X AS27138,7
2019 X 8 X C1063 X AS27133,31
2019 X 8 X C1011 X AS21126,9
2019 X 8 X C1011 X AS46000,5
2019 X 8 X C1011 X AS27134,14
2019 X 8 X C1011 X AS27132,7
2019 X 8 X C1011 X AS27000,12
2019 X 8 X C1011 X AS27139,5
2019 X 8 X C1011 X AS27137,6
2019 X 8 X C1011 X AS27138,24
2019 X 8 X C1011 X AS27133,73
2019 X 9 X C1011 X AS21126,5
2019 X 9 X C1011 X AS46000,3
2019 X 9 X C1011 X AS27134,10
2019 X 9 X C1011 X AS27132,4
2019 X 9 X C1011 X AS27000,9
2019 X 9 X C1011 X AS27139,3
2019 X 9 X C1011 X AS27137,4
2019 X 9 X C1011 X AS27138,22
2019 X 9 X C1011 X AS27133,71
2019 X 9 X C1026 X AS27134,3
2019 X 9 X C1026 X AS27132,9
2019 X 9 X C1026 X AS27000,69
2019 X 9 X C1026 X AS27137,11
2019 X 9 X C1026 X AS27138,20
2019 X 9 X C1026 X AS27133,24
2019 X 9 X C1063 X AS21126,3
2019 X 9 X C1063 X AS42018,3
2019 X 9 X C1063 X AS46000,3
2019 X 9 X C1063 X AS17005,3
2019 X 9 X C1063 X AS27134,7
2019 X 9 X C1063 X AS27132,4
2019 X 9 X C1063 X AS27000,4
2019 X 9 X C1063 X AS27139,3
2019 X 9 X C1063 X AS27137,3
2019 X 9 X C1063 X AS27138,4
2019 X 9 X C1063 X AS27133,26
2019 X 9 X C1066 X AS27134,40
2019 X 9 X C1066 X AS27132,14
2019 X 9 X C1066 X AS27000,51
2019 X 9 X C1066 X AS27137,0
2019 X 9 X C1066 X AS27138,9
2019 X 9 X C1066 X AS27133,40
2019 X 9 X C1010 X AS27134,3
2019 X 9 X C1010 X AS27132,3
2019 X 9 X C1010 X AS27000,16
2019 X 9 X C1010 X AS27137,7
2019 X 9 X C1010 X AS27138,5
2019 X 9 X C1010 X AS27133,55
2019 X 7 X C1008 X AS42018,0
2019 X 7 X C1008 X AS21126,0
2019 X 7 X C1008 X AS27134,6
2019 X 7 X C1008 X AS27132,0
2019 X 7 X C1008 X AS27000,13
2019 X 7 X C1008 X AS27137,5
2019 X 7 X C1008 X AS27138,5
2019 X 7 X C1008 X AS27133,9
2019 X 8 X C1008 X AS27134,12
2019 X 8 X C1008 X AS27000,18
2019 X 8 X C1008 X AS27137,11
2019 X 8 X C1008 X AS27138,11
2019 X 8 X C1008 X AS27133,19
2019 X 9 X C1008 X AS27134,7
2019 X 9 X C1008 X AS27000,14
2019 X 9 X C1008 X AS27137,7
2019 X 9 X C1008 X AS27138,8
2019 X 9 X C1008 X AS27133,17
2019 X 7 X C1679 X AS46000,23
2019 X 7 X C1679 X AS27134,6
2019 X 7 X C1679 X AS27000,0
2019 X 7 X C1679 X AS27139,0
2019 X 7 X C1679 X AS27138,0
2019 X 7 X C1679 X AS27133,11
2019 X 7 X C1082 X AS21126,0
2019 X 7 X C1082 X AS27134,30
2019 X 7 X C1082 X AS27132,0
2019 X 7 X C1082 X AS27000,21
2019 X 7 X C1082 X AS27137,1
2019 X 7 X C1082 X AS27138,1
2019 X 7 X C1082 X AS27133,64
2019 X 8 X C1082 X AS21126,0
2019 X 8 X C1082 X AS27134,36
2019 X 8 X C1082 X AS27132,5
2019 X 8 X C1082 X AS27000,26
2019 X 8 X C1082 X AS27137,7
2019 X 8 X C1082 X AS27138,7
2019 X 8 X C1082 X AS27133,68
2019 X 8 X C1679 X AS46000,29
2019 X 8 X C1679 X AS27134,14
2019 X 8 X C1679 X AS27000,7
2019 X 8 X C1679 X AS27139,5
2019 X 8 X C1679 X AS27138,0
2019 X 8 X C1679 X AS27133,16
2019 X 9 X C1082 X AS21126,0
2019 X 9 X C1082 X AS27134,31
2019 X 9 X C1082 X AS27132,3
2019 X 9 X C1082 X AS27000,23
2019 X 9 X C1082 X AS27137,4
2019 X 9 X C1082 X AS27138,4
2019 X 9 X C1082 X AS27133,62
2019 X 9 X C1679 X AS46000,26
2019 X 9 X C1679 X AS27000,4
2019 X 9 X C1679 X AS27139,3
2019 X 9 X C1679 X AS27138,0
2019 X 9 X C1679 X AS27133,13
2019 X 7 X C1106 X AS21126,0
2019 X 7 X C1106 X AS27134,11
2019 X 7 X C1106 X AS27132,0
2019 X 7 X C1106 X AS27000,1
2019 X 7 X C1106 X AS27138,0
2019 X 7 X C1106 X AS27133,0
2019 X 7 X C1681 X AS21126,0
2019 X 7 X C1681 X AS17005,0
2019 X 7 X C1681 X AS27134,25
2019 X 7 X C1681 X AS27132,5
2019 X 7 X C1681 X AS27000,15
2019 X 7 X C1681 X AS27137,0
2019 X 7 X C1681 X AS27138,20
2019 X 7 X C1681 X AS27133,73
2019 X 7 X C1062 X AS21126,0
2019 X 7 X C1062 X AS27134,39
2019 X 7 X C1062 X AS27132,10
2019 X 7 X C1062 X AS27000,102
2019 X 7 X C1062 X AS27139,0
2019 X 7 X C1062 X AS27137,19
2019 X 7 X C1062 X AS27138,24
2019 X 7 X C1062 X AS27133,25
2019 X 7 X C1034 X AS27134,18
2019 X 7 X C1034 X AS27132,1
2019 X 7 X C1034 X AS27000,30
2019 X 7 X C1034 X AS27138,0
2019 X 7 X C1034 X AS27133,34
2019 X 7 X C1413 X AS21126,0
2019 X 7 X C1413 X AS27134,0
2019 X 7 X C1413 X AS27132,0
2019 X 7 X C1413 X AS27000,12
2019 X 7 X C1413 X AS27138,1
2019 X 7 X C1413 X AS27133,13
2019 X 7 X C1054 X AS21126,0
2019 X 7 X C1054 X AS27134,0
2019 X 7 X C1054 X AS27132,0
2019 X 7 X C1054 X AS27000,79
2019 X 7 X C1054 X AS27137,21
2019 X 7 X C1054 X AS27138,42
2019 X 7 X C1054 X AS27133,36
2019 X 7 X C1014 X AS42018,0
2019 X 7 X C1014 X AS21126,0
2019 X 7 X C1014 X AS46000,0
2019 X 7 X C1014 X AS17005,0
2019 X 7 X C1014 X AS27134,0
2019 X 7 X C1014 X AS27132,0
2019 X 7 X C1014 X AS27000,0
2019 X 7 X C1014 X AS27139,0
2019 X 7 X C1014 X AS27137,0
2019 X 7 X C1014 X AS27138,0
2019 X 7 X C1014 X AS27133,0
2019 X 7 X C1059 X AS21126,0
2019 X 7 X C1059 X AS27134,13
2019 X 7 X C1059 X AS27132,8
2019 X 7 X C1059 X AS27000,97
2019 X 7 X C1059 X AS27137,0
2019 X 7 X C1059 X AS27138,8
2019 X 7 X C1059 X AS27133,80
2019 X 7 X C1051 X AS21126,0
2019 X 7 X C1051 X AS27134,8
2019 X 7 X C1051 X AS27132,0
2019 X 7 X C1051 X AS27000,23
2019 X 7 X C1051 X AS27137,0
2019 X 7 X C1051 X AS27138,4
2019 X 7 X C1051 X AS27133,28
2019 X 8 X C1413 X AS21126,0
2019 X 8 X C1413 X AS27134,5
2019 X 8 X C1413 X AS27132,5
2019 X 8 X C1413 X AS27000,19
2019 X 8 X C1413 X AS27138,7
2019 X 8 X C1413 X AS27133,19
2019 X 8 X C1054 X AS21126,0
2019 X 8 X C1054 X AS27134,5
2019 X 8 X C1054 X AS27132,5
2019 X 8 X C1054 X AS27000,80
2019 X 8 X C1054 X AS27137,30
2019 X 8 X C1054 X AS27138,47
2019 X 8 X C1054 X AS27133,42
2019 X 8 X C1014 X AS42018,5
2019 X 8 X C1014 X AS21126,5
2019 X 8 X C1014 X AS46000,5
2019 X 8 X C1014 X AS17005,5
2019 X 8 X C1014 X AS27134,5
2019 X 8 X C1014 X AS27132,5
2019 X 8 X C1014 X AS27000,4
2019 X 8 X C1014 X AS27139,5
2019 X 8 X C1014 X AS27137,4
2019 X 8 X C1014 X AS27138,6
2019 X 8 X C1014 X AS27133,8
2019 X 8 X C1059 X AS21126,0
2019 X 8 X C1059 X AS27134,18
2019 X 8 X C1059 X AS27132,13
2019 X 8 X C1059 X AS27000,100
2019 X 8 X C1059 X AS27137,5
2019 X 8 X C1059 X AS27138,14
2019 X 8 X C1059 X AS27133,88
2019 X 8 X C1051 X AS21126,0
2019 X 8 X C1051 X AS27134,16
2019 X 8 X C1051 X AS27132,5
2019 X 8 X C1051 X AS27000,29
2019 X 8 X C1051 X AS27137,7
2019 X 8 X C1051 X AS27138,10
2019 X 8 X C1051 X AS27133,33
2019 X 8 X C1034 X AS27134,24
2019 X 8 X C1034 X AS27132,8
2019 X 8 X C1034 X AS27000,36
2019 X 8 X C1034 X AS27138,0
2019 X 8 X C1034 X AS27133,40
2019 X 8 X C1681 X AS21126,0
2019 X 8 X C1681 X AS17005,5
2019 X 8 X C1681 X AS27134,30
2019 X 8 X C1681 X AS27132,11
2019 X 8 X C1681 X AS27000,20
2019 X 8 X C1681 X AS27137,4
2019 X 8 X C1681 X AS27138,26
2019 X 8 X C1681 X AS27133,82
2019 X 8 X C1106 X AS21126,0
2019 X 8 X C1106 X AS27134,16
2019 X 8 X C1106 X AS27132,5
2019 X 8 X C1106 X AS27000,8
2019 X 8 X C1106 X AS27138,5
2019 X 8 X C1106 X AS27133,5
2019 X 8 X C1062 X AS21126,0
2019 X 8 X C1062 X AS27134,49
2019 X 8 X C1062 X AS27132,17
2019 X 8 X C1062 X AS27000,138
2019 X 8 X C1062 X AS27139,5
2019 X 8 X C1062 X AS27137,25
2019 X 8 X C1062 X AS27138,34
2019 X 8 X C1062 X AS27133,39
2019 X 9 X C1413 X AS21126,0
2019 X 9 X C1413 X AS27134,3
2019 X 9 X C1413 X AS27132,3
2019 X 9 X C1413 X AS27000,17
2019 X 9 X C1413 X AS27138,4
2019 X 9 X C1413 X AS27133,16
2019 X 9 X C1014 X AS42018,3
2019 X 9 X C1014 X AS21126,3
2019 X 9 X C1014 X AS46000,3
2019 X 9 X C1014 X AS17005,3
2019 X 9 X C1014 X AS27134,3
2019 X 9 X C1014 X AS27132,3
2019 X 9 X C1014 X AS27000,3
2019 X 9 X C1014 X AS27139,3
2019 X 9 X C1014 X AS27137,3
2019 X 9 X C1014 X AS27138,4
2019 X 9 X C1014 X AS27133,7
2019 X 9 X C1059 X AS27134,14
2019 X 9 X C1059 X AS27132,10
2019 X 9 X C1059 X AS27000,93
2019 X 9 X C1059 X AS27137,3
2019 X 9 X C1059 X AS27138,11
2019 X 9 X C1059 X AS27133,83
2019 X 9 X C1051 X AS27134,14
2019 X 9 X C1051 X AS27132,3
2019 X 9 X C1051 X AS27000,27
2019 X 9 X C1051 X AS27137,4
2019 X 9 X C1051 X AS27138,7
2019 X 9 X C1051 X AS27133,29
2019 X 9 X C1106 X AS21126,0
2019 X 9 X C1106 X AS27134,13
2019 X 9 X C1106 X AS27132,3
2019 X 9 X C1106 X AS27000,6
2019 X 9 X C1106 X AS27138,3
2019 X 9 X C1106 X AS27133,3
2019 X 9 X C1681 X AS21126,0
2019 X 9 X C1681 X AS17005,3
2019 X 9 X C1681 X AS27134,28
2019 X 9 X C1681 X AS27132,7
2019 X 9 X C1681 X AS27000,16
2019 X 9 X C1681 X AS27137,3
2019 X 9 X C1681 X AS27138,22
2019 X 9 X C1681 X AS27133,88
2019 X 9 X C1062 X AS21126,0
2019 X 9 X C1062 X AS27134,55
2019 X 9 X C1062 X AS27132,13
2019 X 9 X C1062 X AS27000,169
2019 X 9 X C1062 X AS27139,3
2019 X 9 X C1062 X AS27137,21
2019 X 9 X C1062 X AS27138,31
2019 X 9 X C1062 X AS27133,39
2019 X 9 X C1034 X AS27134,21
2019 X 9 X C1034 X AS27132,4
2019 X 9 X C1034 X AS27000,32
2019 X 9 X C1034 X AS27138,0
2019 X 9 X C1034 X AS27133,37
2019 X 9 X C1054 X AS21126,0
2019 X 9 X C1054 X AS27134,3
2019 X 9 X C1054 X AS27132,3
2019 X 9 X C1054 X AS27000,78
2019 X 9 X C1054 X AS27137,29
2019 X 9 X C1054 X AS27138,42
2019 X 9 X C1054 X AS27133,43
2019 X 7 X C4037 X AS21126,0
2019 X 7 X C4037 X AS46000,7
2019 X 7 X C4037 X AS27134,37
2019 X 7 X C4037 X AS27132,3
2019 X 7 X C4037 X AS27000,37
2019 X 7 X C4037 X AS27137,24
2019 X 7 X C4037 X AS27138,12
2019 X 7 X C4037 X AS27133,89
2019 X 8 X C4037 X AS21126,0
2019 X 8 X C4037 X AS46000,13
2019 X 8 X C4037 X AS27134,40
2019 X 8 X C4037 X AS27132,9
2019 X 8 X C4037 X AS27000,40
2019 X 8 X C4037 X AS27137,30
2019 X 8 X C4037 X AS27138,19
2019 X 8 X C4037 X AS27133,91
2019 X 9 X C4037 X AS21126,0
2019 X 9 X C4037 X AS46000,9
2019 X 9 X C4037 X AS27134,46
2019 X 9 X C4037 X AS27132,5
2019 X 9 X C4037 X AS27000,41
2019 X 9 X C4037 X AS27137,27
2019 X 9 X C4037 X AS27138,16
2019 X 9 X C4037 X AS27133,89
2019 X 7 X C1004 X AS27132,0
2019 X 7 X C1004 X AS27000,21
2019 X 7 X C1004 X AS27137,14
2019 X 7 X C1004 X AS27138,15
2019 X 7 X C1004 X AS27133,57
2019 X 8 X C1004 X AS27132,5
2019 X 8 X C1004 X AS27000,26
2019 X 8 X C1004 X AS27137,20
2019 X 8 X C1004 X AS27138,21
2019 X 8 X C1004 X AS27133,57
2019 X 9 X C1004 X AS21126,0
2019 X 9 X C1004 X AS27134,3
2019 X 9 X C1004 X AS27132,3
2019 X 9 X C1004 X AS27000,24
2019 X 9 X C1004 X AS27137,17
2019 X 9 X C1004 X AS27138,19
2019 X 9 X C1004 X AS27133,55
2019 X 7 X C4014 X AS21126,0
2019 X 7 X C4014 X AS27132,0
2019 X 7 X C4014 X AS27000,56
2019 X 7 X C4014 X AS27137,3
2019 X 8 X C4014 X AS21126,0
2019 X 8 X C4014 X AS27132,6
2019 X 8 X C4014 X AS27000,62
2019 X 8 X C4014 X AS27137,9
2019 X 9 X C4014 X AS21126,0
2019 X 9 X C4014 X AS27132,3
2019 X 9 X C4014 X AS27000,57
2019 X 9 X C4014 X AS27137,6
2019 X 7 X C4061 X AS21126,0
2019 X 7 X C4061 X AS27134,0
2019 X 7 X C4061 X AS27132,0
2019 X 7 X C4061 X AS27000,0
2019 X 7 X C4061 X AS27137,8
2019 X 7 X C4061 X AS27138,5
2019 X 7 X C4061 X AS27133,28
2019 X 7 X C4015 X AS27134,9
2019 X 7 X C4015 X AS27132,0
2019 X 7 X C4015 X AS27000,15
2019 X 7 X C4015 X AS27137,4
2019 X 7 X C4015 X AS27138,3
2019 X 7 X C4015 X AS27133,17
2019 X 7 X C4038 X AS42018,0
2019 X 7 X C4038 X AS21126,0
2019 X 7 X C4038 X AS27134,2
2019 X 7 X C4038 X AS27132,0
2019 X 7 X C4038 X AS27000,5
2019 X 7 X C4038 X AS27139,0
2019 X 7 X C4038 X AS27137,0
2019 X 7 X C4038 X AS27138,6
2019 X 7 X C4038 X AS27133,18
2019 X 8 X C4061 X AS21126,0
2019 X 8 X C4061 X AS27134,5
2019 X 8 X C4061 X AS27132,5
2019 X 8 X C4061 X AS27000,8
2019 X 8 X C4061 X AS27137,14
2019 X 8 X C4061 X AS27138,13
2019 X 8 X C4061 X AS27133,38
2019 X 8 X C4015 X AS27134,15
2019 X 8 X C4015 X AS27132,5
2019 X 8 X C4015 X AS27000,21
2019 X 8 X C4015 X AS27137,10
2019 X 8 X C4015 X AS27138,9
2019 X 8 X C4015 X AS27133,22
2019 X 8 X C4038 X AS21126,0
2019 X 8 X C4038 X AS42018,5
2019 X 8 X C4038 X AS27134,10
2019 X 8 X C4038 X AS27132,6
2019 X 8 X C4038 X AS27000,11
2019 X 8 X C4038 X AS27139,5
2019 X 8 X C4038 X AS27137,6
2019 X 8 X C4038 X AS27138,12
2019 X 8 X C4038 X AS27133,24
2019 X 9 X C4061 X AS21126,0
2019 X 9 X C4061 X AS27134,3
2019 X 9 X C4061 X AS27132,3
2019 X 9 X C4061 X AS27000,6
2019 X 9 X C4061 X AS27137,11
2019 X 9 X C4061 X AS27138,11
2019 X 9 X C4061 X AS27133,36
2019 X 9 X C4015 X AS27134,10
2019 X 9 X C4015 X AS27132,3
2019 X 9 X C4015 X AS27000,18
2019 X 9 X C4015 X AS27137,7
2019 X 9 X C4015 X AS27138,6
2019 X 9 X C4015 X AS27133,21
2019 X 9 X C4038 X AS42018,3
2019 X 9 X C4038 X AS21126,0
2019 X 9 X C4038 X AS27134,7
2019 X 9 X C4038 X AS27132,3
2019 X 9 X C4038 X AS27000,7
2019 X 9 X C4038 X AS27139,3
2019 X 9 X C4038 X AS27137,4
2019 X 9 X C4038 X AS27138,9
2019 X 9 X C4038 X AS27133,22
2019 X 7 X C1093 X AS46000,0
2019 X 7 X C1093 X AS27000,2
2019 X 7 X C1093 X AS27139,0
2019 X 7 X C1093 X AS27133,11
2019 X 7 X C1083 X AS46000,37
2019 X 7 X C1083 X AS27000,0
2019 X 7 X C1083 X AS27138,0
2019 X 7 X C1083 X AS27133,35
2019 X 8 X C1093 X AS46000,5
2019 X 8 X C1093 X AS27000,9
2019 X 8 X C1093 X AS27139,5
2019 X 8 X C1093 X AS27133,17
2019 X 8 X C1083 X AS46000,45
2019 X 8 X C1083 X AS27000,5
2019 X 8 X C1083 X AS27138,6
2019 X 8 X C1083 X AS27133,39
2019 X 9 X C1083 X AS46000,41
2019 X 9 X C1083 X AS27000,3
2019 X 9 X C1083 X AS27138,3
2019 X 9 X C1083 X AS27133,36
2019 X 9 X C1093 X AS46000,3
2019 X 9 X C1093 X AS27000,6
2019 X 9 X C1093 X AS27139,3
2019 X 9 X C1093 X AS27133,15
2019 X 7 X C1084 X AS21126,0
2019 X 7 X C1084 X AS17005,0
2019 X 7 X C1084 X AS27134,11
2019 X 7 X C1084 X AS27132,0
2019 X 7 X C1084 X AS27000,28
2019 X 7 X C1084 X AS27137,5
2019 X 7 X C1084 X AS27138,13
2019 X 7 X C1084 X AS27133,24
2019 X 8 X C1084 X AS21126,0
2019 X 8 X C1084 X AS17005,5
2019 X 8 X C1084 X AS27134,17
2019 X 8 X C1084 X AS27132,6
2019 X 8 X C1084 X AS27000,33
2019 X 8 X C1084 X AS27137,13
2019 X 8 X C1084 X AS27138,21
2019 X 8 X C1084 X AS27133,29
2019 X 9 X C1084 X AS21126,0
2019 X 9 X C1084 X AS17005,3
2019 X 9 X C1084 X AS27134,23
2019 X 9 X C1084 X AS27132,4
2019 X 9 X C1084 X AS27000,33
2019 X 9 X C1084 X AS27137,14
2019 X 9 X C1084 X AS27138,20
2019 X 9 X C1084 X AS27133,31
2019 X 7 X C5015 X AS21126,0
2019 X 7 X C5015 X AS46000,0
2019 X 7 X C5015 X AS27000,0
2019 X 7 X C5015 X AS27137,1
2019 X 7 X C5015 X AS27133,15
2019 X 8 X C5015 X AS21126,0
2019 X 8 X C5015 X AS46000,5
2019 X 8 X C5015 X AS27000,5
2019 X 8 X C5015 X AS27137,7
2019 X 8 X C5015 X AS27138,0
2019 X 8 X C5015 X AS27133,25
2019 X 9 X C5015 X AS21126,0
2019 X 9 X C5015 X AS46000,3
2019 X 9 X C5015 X AS27000,3
2019 X 9 X C5015 X AS27137,4
2019 X 9 X C5015 X AS27138,0
2019 X 9 X C5015 X AS27133,23
2019 X 7 X C2047 X AS27000,8
2019 X 7 X C2047 X AS27139,0
2019 X 7 X C2047 X AS27137,1
2019 X 7 X C2047 X AS27138,8
2019 X 7 X C2047 X AS27133,35
2019 X 8 X C2047 X AS27000,14
2019 X 8 X C2047 X AS27139,5
2019 X 8 X C2047 X AS27137,7
2019 X 8 X C2047 X AS27138,13
2019 X 8 X C2047 X AS27133,41
2019 X 9 X C2047 X AS27000,11
2019 X 9 X C2047 X AS27139,3
2019 X 9 X C2047 X AS27137,4
2019 X 9 X C2047 X AS27138,10
2019 X 9 X C2047 X AS27133,39
2019 X 7 X C4056 X AS21126,0
2019 X 7 X C4056 X AS27134,1
2019 X 7 X C4056 X AS27132,0
2019 X 7 X C4056 X AS27000,4
2019 X 7 X C4056 X AS27137,0
2019 X 7 X C4056 X AS27138,0
2019 X 7 X C4056 X AS27133,12
2019 X 8 X C4056 X AS21126,0
2019 X 8 X C4056 X AS27134,8
2019 X 8 X C4056 X AS27132,5
2019 X 8 X C4056 X AS27000,10
2019 X 8 X C4056 X AS27139,0
2019 X 8 X C4056 X AS27137,6
2019 X 8 X C4056 X AS27138,7
2019 X 8 X C4056 X AS27133,19
2019 X 9 X C4056 X AS21126,0
2019 X 9 X C4056 X AS27134,5
2019 X 9 X C4056 X AS27132,3
2019 X 9 X C4056 X AS27000,7
2019 X 9 X C4056 X AS27139,0
2019 X 9 X C4056 X AS27137,4
2019 X 9 X C4056 X AS27138,4
2019 X 9 X C4056 X AS27133,17
2019 X 7 X C5016 X AS27134,0
2019 X 7 X C5016 X AS27000,2
2019 X 7 X C5016 X AS27137,6
2019 X 7 X C5016 X AS27133,22
2019 X 8 X C5016 X AS27134,6
2019 X 8 X C5016 X AS27000,9
2019 X 8 X C5016 X AS27137,12
2019 X 8 X C5016 X AS27133,28
2019 X 9 X C5016 X AS27134,3
2019 X 9 X C5016 X AS27000,6
2019 X 9 X C5016 X AS27137,10
2019 X 9 X C5016 X AS27133,24
2019 X 7 X C5017 X AS21126,0
2019 X 7 X C5017 X AS46000,168
2019 X 7 X C5017 X AS27132,0
2019 X 7 X C5017 X AS27000,8
2019 X 7 X C5017 X AS27137,0
2019 X 7 X C5017 X AS27138,0
2019 X 7 X C5017 X AS27133,56
2019 X 8 X C5017 X AS21126,0
2019 X 8 X C5017 X AS46000,147
2019 X 8 X C5017 X AS27132,5
2019 X 8 X C5017 X AS27000,15
2019 X 8 X C5017 X AS27137,4
2019 X 8 X C5017 X AS27138,6
2019 X 8 X C5017 X AS27133,61
2019 X 9 X C5017 X AS21126,0
2019 X 9 X C5017 X AS46000,144
2019 X 9 X C5017 X AS27132,3
2019 X 9 X C5017 X AS27000,13
2019 X 9 X C5017 X AS27137,3
2019 X 9 X C5017 X AS27138,4
2019 X 9 X C5017 X AS27133,57
2019 X 7 X C2049 X AS21126,0
2019 X 7 X C2049 X AS46000,0
2019 X 7 X C2049 X AS27134,0
2019 X 7 X C2049 X AS27132,0
2019 X 7 X C2049 X AS27000,11
2019 X 7 X C2049 X AS27139,0
2019 X 7 X C2049 X AS27137,0
2019 X 7 X C2049 X AS27138,1
2019 X 7 X C2049 X AS27133,23
2019 X 8 X C2049 X AS21126,0
2019 X 8 X C2049 X AS46000,5
2019 X 8 X C2049 X AS27134,5
2019 X 8 X C2049 X AS27132,5
2019 X 8 X C2049 X AS27000,17
2019 X 8 X C2049 X AS27139,5
2019 X 8 X C2049 X AS27137,4
2019 X 8 X C2049 X AS27138,7
2019 X 8 X C2049 X AS27133,29
2019 X 9 X C2049 X AS21126,0
2019 X 9 X C2049 X AS46000,3
2019 X 9 X C2049 X AS27134,3
2019 X 9 X C2049 X AS27132,3
2019 X 9 X C2049 X AS27000,14
2019 X 9 X C2049 X AS27139,3
2019 X 9 X C2049 X AS27137,3
2019 X 9 X C2049 X AS27138,4
2019 X 9 X C2049 X AS27133,24
2019 X 7 X C4002 X AS42018,0
2019 X 7 X C4002 X AS27134,0
2019 X 7 X C4002 X AS27132,0
2019 X 7 X C4002 X AS27000,6
2019 X 7 X C4002 X AS27137,0
2019 X 7 X C4002 X AS27138,0
2019 X 7 X C4002 X AS27133,5
2019 X 8 X C4002 X AS42018,5
2019 X 8 X C4002 X AS27134,6
2019 X 8 X C4002 X AS27132,5
2019 X 8 X C4002 X AS27000,11
2019 X 8 X C4002 X AS27137,6
2019 X 8 X C4002 X AS27138,6
2019 X 8 X C4002 X AS27133,11
2019 X 9 X C4002 X AS42018,3
2019 X 9 X C4002 X AS27134,3
2019 X 9 X C4002 X AS27132,3
2019 X 9 X C4002 X AS27000,8
2019 X 9 X C4002 X AS27137,3
2019 X 9 X C4002 X AS27138,3
2019 X 9 X C4002 X AS27133,8
2019 X 7 X C4016 X AS27134,15
2019 X 7 X C4016 X AS27000,15
2019 X 7 X C4016 X AS27138,2
2019 X 7 X C4016 X AS27133,34
2019 X 7 X C4017 X AS46000,0
2019 X 7 X C4017 X AS17005,0
2019 X 7 X C4017 X AS27134,0
2019 X 7 X C4017 X AS27132,0
2019 X 7 X C4017 X AS27000,1
2019 X 7 X C4017 X AS27139,0
2019 X 7 X C4017 X AS27137,0
2019 X 7 X C4017 X AS27138,0
2019 X 7 X C4017 X AS27133,0
2019 X 7 X C4054 X AS21126,0
2019 X 7 X C4054 X AS27133,1
2019 X 8 X C4054 X AS21126,0
2019 X 8 X C4054 X AS27133,8
2019 X 8 X C4016 X AS27134,21
2019 X 8 X C4016 X AS27000,24
2019 X 8 X C4016 X AS27138,8
2019 X 8 X C4016 X AS27133,40
2019 X 8 X C4017 X AS46000,4
2019 X 8 X C4017 X AS17005,5
2019 X 8 X C4017 X AS27134,5
2019 X 8 X C4017 X AS27132,5
2019 X 8 X C4017 X AS27000,7
2019 X 8 X C4017 X AS27139,5
2019 X 8 X C4017 X AS27137,5
2019 X 8 X C4017 X AS27138,7
2019 X 8 X C4017 X AS27133,5
2019 X 9 X C4054 X AS21126,0
2019 X 9 X C4054 X AS27133,5
2019 X 9 X C4017 X AS46000,3
2019 X 9 X C4017 X AS17005,3
2019 X 9 X C4017 X AS27134,3
2019 X 9 X C4017 X AS27132,3
2019 X 9 X C4017 X AS27000,4
2019 X 9 X C4017 X AS27139,3
2019 X 9 X C4017 X AS27137,3
2019 X 9 X C4017 X AS27138,4
2019 X 9 X C4017 X AS27133,3
2019 X 9 X C4016 X AS21126,0
2019 X 9 X C4016 X AS27134,21
2019 X 9 X C4016 X AS27000,22
2019 X 9 X C4016 X AS27138,6
2019 X 9 X C4016 X AS27133,41
2019 X 7 X C2002 X AS42018,0
2019 X 7 X C2002 X AS21126,0
2019 X 7 X C2002 X AS27132,0
2019 X 7 X C2002 X AS27000,5
2019 X 7 X C2002 X AS27137,0
2019 X 7 X C2002 X AS27138,0
2019 X 7 X C2002 X AS27133,38
2019 X 7 X C2011 X AS42018,10
2019 X 7 X C2011 X AS46000,20
2019 X 7 X C2011 X AS17005,0
2019 X 7 X C2011 X AS27134,0
2019 X 7 X C2011 X AS27000,79
2019 X 7 X C2011 X AS27139,0
2019 X 7 X C2011 X AS27137,23
2019 X 7 X C2011 X AS27138,62
2019 X 7 X C2011 X AS27133,137
2019 X 8 X C2002 X AS21126,0
2019 X 8 X C2002 X AS42018,4
2019 X 8 X C2002 X AS27132,5
2019 X 8 X C2002 X AS27000,12
2019 X 8 X C2002 X AS27137,4
2019 X 8 X C2002 X AS27138,8
2019 X 8 X C2002 X AS27133,41
2019 X 8 X C2011 X AS42018,15
2019 X 8 X C2011 X AS46000,25
2019 X 8 X C2011 X AS17005,5
2019 X 8 X C2011 X AS27134,7
2019 X 8 X C2011 X AS27000,98
2019 X 8 X C2011 X AS27139,5
2019 X 8 X C2011 X AS27137,31
2019 X 8 X C2011 X AS27138,87
2019 X 8 X C2011 X AS27133,142
2019 X 9 X C2011 X AS42018,10
2019 X 9 X C2011 X AS46000,21
2019 X 9 X C2011 X AS17005,3
2019 X 9 X C2011 X AS27134,5
2019 X 9 X C2011 X AS27000,101
2019 X 9 X C2011 X AS27139,3
2019 X 9 X C2011 X AS27137,26
2019 X 9 X C2011 X AS27138,85
2019 X 9 X C2011 X AS27133,131
2019 X 9 X C2002 X AS21126,0
2019 X 9 X C2002 X AS42018,3
2019 X 9 X C2002 X AS27132,3
2019 X 9 X C2002 X AS27000,9
2019 X 9 X C2002 X AS27137,3
2019 X 9 X C2002 X AS27138,6
2019 X 9 X C2002 X AS27133,41
2019 X 7 X C2010 X AS42018,0
2019 X 7 X C2010 X AS21126,0
2019 X 7 X C2010 X AS46000,10
2019 X 7 X C2010 X AS17005,0
2019 X 7 X C2010 X AS27134,10
2019 X 7 X C2010 X AS27132,2
2019 X 7 X C2010 X AS27000,22
2019 X 7 X C2010 X AS27139,0
2019 X 7 X C2010 X AS27137,7
2019 X 7 X C2010 X AS27138,15
2019 X 7 X C2010 X AS27133,48
2019 X 8 X C2010 X AS21126,0
2019 X 8 X C2010 X AS42018,5
2019 X 8 X C2010 X AS46000,18
2019 X 8 X C2010 X AS17005,5
2019 X 8 X C2010 X AS27134,15
2019 X 8 X C2010 X AS27132,8
2019 X 8 X C2010 X AS27000,28
2019 X 8 X C2010 X AS27139,5
2019 X 8 X C2010 X AS27137,13
2019 X 8 X C2010 X AS27138,21
2019 X 8 X C2010 X AS27133,53
2019 X 9 X C2010 X AS21126,0
2019 X 9 X C2010 X AS42018,3
2019 X 9 X C2010 X AS46000,20
2019 X 9 X C2010 X AS17005,3
2019 X 9 X C2010 X AS27134,12
2019 X 9 X C2010 X AS27132,5
2019 X 9 X C2010 X AS27000,25
2019 X 9 X C2010 X AS27139,3
2019 X 9 X C2010 X AS27137,11
2019 X 9 X C2010 X AS27138,18
2019 X 9 X C2010 X AS27133,52
2019 X 7 X C4018 X AS21126,0
2019 X 7 X C4018 X AS27134,6
2019 X 7 X C4018 X AS27132,9
2019 X 7 X C4018 X AS27000,6
2019 X 7 X C4018 X AS27139,0
2019 X 7 X C4018 X AS27138,0
2019 X 7 X C4018 X AS27133,40
2019 X 8 X C4018 X AS21126,0
2019 X 8 X C4018 X AS27134,12
2019 X 8 X C4018 X AS27132,15
2019 X 8 X C4018 X AS27000,12
2019 X 8 X C4018 X AS27139,5
2019 X 8 X C4018 X AS27138,5
2019 X 8 X C4018 X AS27133,46
2019 X 9 X C4018 X AS21126,0
2019 X 9 X C4018 X AS27134,9
2019 X 9 X C4018 X AS27132,10
2019 X 9 X C4018 X AS27000,10
2019 X 9 X C4018 X AS27139,3
2019 X 9 X C4018 X AS27138,3
2019 X 9 X C4018 X AS27133,42
2019 X 7 X C3010 X AS42018,0
2019 X 7 X C3010 X AS27134,11
2019 X 7 X C3010 X AS27132,0
2019 X 7 X C3010 X AS27000,0
2019 X 7 X C3010 X AS27137,1
2019 X 7 X C3010 X AS27138,7
2019 X 7 X C3010 X AS27133,45
2019 X 7 X C3014 X AS27134,0
2019 X 7 X C3014 X AS27000,0
2019 X 7 X C3014 X AS27137,2
2019 X 7 X C3014 X AS27138,0
2019 X 7 X C3014 X AS27133,18
2019 X 7 X C3015 X AS27134,4
2019 X 7 X C3015 X AS27132,0
2019 X 7 X C3015 X AS27000,0
2019 X 7 X C3015 X AS27137,0
2019 X 7 X C3015 X AS27138,0
2019 X 7 X C3015 X AS27133,19
2019 X 8 X C3010 X AS42018,5
2019 X 8 X C3010 X AS27134,17
2019 X 8 X C3010 X AS27132,5
2019 X 8 X C3010 X AS27000,4
2019 X 8 X C3010 X AS27137,8
2019 X 8 X C3010 X AS27138,13
2019 X 8 X C3010 X AS27133,50
2019 X 8 X C3014 X AS27134,5
2019 X 8 X C3014 X AS27000,7
2019 X 8 X C3014 X AS27137,9
2019 X 8 X C3014 X AS27138,5
2019 X 8 X C3014 X AS27133,25
2019 X 8 X C3015 X AS27134,10
2019 X 8 X C3015 X AS27132,4
2019 X 8 X C3015 X AS27000,5
2019 X 8 X C3015 X AS27137,6
2019 X 8 X C3015 X AS27138,4
2019 X 8 X C3015 X AS27133,24
2019 X 9 X C3014 X AS27134,3
2019 X 9 X C3014 X AS27000,4
2019 X 9 X C3014 X AS27137,6
2019 X 9 X C3014 X AS27138,3
2019 X 9 X C3014 X AS27133,23
2019 X 9 X C3010 X AS42018,3
2019 X 9 X C3010 X AS27134,15
2019 X 9 X C3010 X AS27132,3
2019 X 9 X C3010 X AS27000,3
2019 X 9 X C3010 X AS27137,6
2019 X 9 X C3010 X AS27138,9
2019 X 9 X C3010 X AS27133,47
2019 X 9 X C3015 X AS21126,0
2019 X 9 X C3015 X AS27134,7
2019 X 9 X C3015 X AS27132,3
2019 X 9 X C3015 X AS27000,3
2019 X 9 X C3015 X AS27137,4
2019 X 9 X C3015 X AS27138,3
2019 X 9 X C3015 X AS27133,22
2019 X 7 X C1399 X AS27134,0
2019 X 7 X C1399 X AS27132,0
2019 X 7 X C1399 X AS27000,0
2019 X 7 X C1399 X AS27137,0
2019 X 7 X C1399 X AS27138,0
2019 X 7 X C1399 X AS27133,3
2019 X 7 X C1745 X AS46000,35
2019 X 7 X C1745 X AS27134,16
2019 X 7 X C1745 X AS27132,0
2019 X 7 X C1745 X AS27000,0
2019 X 7 X C1745 X AS27137,2
2019 X 7 X C1745 X AS27138,3
2019 X 7 X C1745 X AS27133,12
2019 X 7 X C1144 X AS46000,0
2019 X 7 X C1144 X AS27134,10
2019 X 7 X C1144 X AS27132,1
2019 X 7 X C1144 X AS27000,6
2019 X 7 X C1144 X AS27138,0
2019 X 7 X C1144 X AS27133,45
2019 X 7 X C1086 X AS27134,86
2019 X 7 X C1086 X AS27132,38
2019 X 7 X C1086 X AS27000,137
2019 X 7 X C1086 X AS27137,11
2019 X 7 X C1086 X AS27138,1
2019 X 7 X C1086 X AS27133,70
2019 X 7 X C1029 X AS46000,1
2019 X 7 X C1029 X AS27134,33
2019 X 7 X C1029 X AS27132,0
2019 X 7 X C1029 X AS27000,22
2019 X 7 X C1029 X AS27139,0
2019 X 7 X C1029 X AS27137,0
2019 X 7 X C1029 X AS27138,3
2019 X 7 X C1029 X AS27133,78
2019 X 7 X C1018 X AS42018,0
2019 X 7 X C1018 X AS21126,0
2019 X 7 X C1018 X AS46000,11
2019 X 7 X C1018 X AS17005,0
2019 X 7 X C1018 X AS27134,26
2019 X 7 X C1018 X AS27132,9
2019 X 7 X C1018 X AS27000,38
2019 X 7 X C1018 X AS27139,0
2019 X 7 X C1018 X AS27137,1
2019 X 7 X C1018 X AS27138,24
2019 X 7 X C1018 X AS27133,85
2019 X 7 X C1056 X AS21126,0
2019 X 7 X C1056 X AS46000,0
2019 X 7 X C1056 X AS27134,0
2019 X 7 X C1056 X AS27132,0
2019 X 7 X C1056 X AS27000,4
2019 X 7 X C1056 X AS27137,0
2019 X 7 X C1056 X AS27138,0
2019 X 7 X C1056 X AS27133,16
2019 X 7 X C1055 X AS21126,0
2019 X 7 X C1055 X AS42018,0
2019 X 7 X C1055 X AS46000,0
2019 X 7 X C1055 X AS17005,0
2019 X 7 X C1055 X AS27134,24
2019 X 7 X C1055 X AS27132,0
2019 X 7 X C1055 X AS27000,12
2019 X 7 X C1055 X AS27139,0
2019 X 7 X C1055 X AS27137,0
2019 X 7 X C1055 X AS27138,0
2019 X 7 X C1055 X AS27133,6
2019 X 8 X C1144 X AS46000,5
2019 X 8 X C1144 X AS27134,15
2019 X 8 X C1144 X AS27132,8
2019 X 8 X C1144 X AS27000,12
2019 X 8 X C1144 X AS27138,5
2019 X 8 X C1144 X AS27133,51
2019 X 8 X C1086 X AS27134,84
2019 X 8 X C1086 X AS27132,45
2019 X 8 X C1086 X AS27000,136
2019 X 8 X C1086 X AS27137,18
2019 X 8 X C1086 X AS27138,9
2019 X 8 X C1086 X AS27133,64
2019 X 8 X C1029 X AS46000,8
2019 X 8 X C1029 X AS27134,37
2019 X 8 X C1029 X AS27132,5
2019 X 8 X C1029 X AS27000,28
2019 X 8 X C1029 X AS27139,5
2019 X 8 X C1029 X AS27137,5
2019 X 8 X C1029 X AS27138,9
2019 X 8 X C1029 X AS27133,83
2019 X 8 X C1018 X AS42018,5
2019 X 8 X C1018 X AS21126,5
2019 X 8 X C1018 X AS46000,17
2019 X 8 X C1018 X AS17005,5
2019 X 8 X C1018 X AS27134,34
2019 X 8 X C1018 X AS27132,18
2019 X 8 X C1018 X AS27000,47
2019 X 8 X C1018 X AS27139,5
2019 X 8 X C1018 X AS27137,7
2019 X 8 X C1018 X AS27138,31
2019 X 8 X C1018 X AS27133,98
2019 X 8 X C1745 X AS46000,39
2019 X 8 X C1745 X AS27134,22
2019 X 8 X C1745 X AS27132,5
2019 X 8 X C1745 X AS27000,5
2019 X 8 X C1745 X AS27137,8
2019 X 8 X C1745 X AS27138,10
2019 X 8 X C1745 X AS27133,18
2019 X 8 X C1399 X AS27134,5
2019 X 8 X C1399 X AS27132,5
2019 X 8 X C1399 X AS27000,5
2019 X 8 X C1399 X AS27137,5
2019 X 8 X C1399 X AS27138,5
2019 X 8 X C1399 X AS27133,14
2019 X 8 X C1055 X AS21126,0
2019 X 8 X C1055 X AS42018,5
2019 X 8 X C1055 X AS46000,5
2019 X 8 X C1055 X AS17005,5
2019 X 8 X C1055 X AS27134,29
2019 X 8 X C1055 X AS27132,4
2019 X 8 X C1055 X AS27000,19
2019 X 8 X C1055 X AS27139,5
2019 X 8 X C1055 X AS27137,5
2019 X 8 X C1055 X AS27138,5
2019 X 8 X C1055 X AS27133,15
2019 X 8 X C1056 X AS21126,0
2019 X 8 X C1056 X AS46000,5
2019 X 8 X C1056 X AS27134,5
2019 X 8 X C1056 X AS27132,4
2019 X 8 X C1056 X AS27000,10
2019 X 8 X C1056 X AS27137,4
2019 X 8 X C1056 X AS27138,4
2019 X 8 X C1056 X AS27133,0
2019 X 9 X C1399 X AS27134,3
2019 X 9 X C1399 X AS27132,3
2019 X 9 X C1399 X AS27000,4
2019 X 9 X C1399 X AS27137,3
2019 X 9 X C1399 X AS27138,3
2019 X 9 X C1399 X AS27133,13
2019 X 9 X C1086 X AS27134,79
2019 X 9 X C1086 X AS27132,41
2019 X 9 X C1086 X AS27000,134
2019 X 9 X C1086 X AS27137,15
2019 X 9 X C1086 X AS27138,6
2019 X 9 X C1086 X AS27133,70
2019 X 9 X C1018 X AS42018,3
2019 X 9 X C1018 X AS21126,3
2019 X 9 X C1018 X AS46000,12
2019 X 9 X C1018 X AS17005,3
2019 X 9 X C1018 X AS27134,32
2019 X 9 X C1018 X AS27132,14
2019 X 9 X C1018 X AS27000,45
2019 X 9 X C1018 X AS27139,3
2019 X 9 X C1018 X AS27137,4
2019 X 9 X C1018 X AS27138,29
2019 X 9 X C1018 X AS27133,92
2019 X 9 X C1745 X AS46000,38
2019 X 9 X C1745 X AS27134,18
2019 X 9 X C1745 X AS27132,3
2019 X 9 X C1745 X AS27000,3
2019 X 9 X C1745 X AS27137,5
2019 X 9 X C1745 X AS27138,6
2019 X 9 X C1745 X AS27133,14
2019 X 9 X C1029 X AS46000,7
2019 X 9 X C1029 X AS27134,33
2019 X 9 X C1029 X AS27132,3
2019 X 9 X C1029 X AS27000,24
2019 X 9 X C1029 X AS27139,3
2019 X 9 X C1029 X AS27137,3
2019 X 9 X C1029 X AS27138,6
2019 X 9 X C1029 X AS27133,80
2019 X 9 X C1056 X AS21126,0
2019 X 9 X C1056 X AS46000,3
2019 X 9 X C1056 X AS27134,3
2019 X 9 X C1056 X AS27132,3
2019 X 9 X C1056 X AS27000,6
2019 X 9 X C1056 X AS27137,3
2019 X 9 X C1056 X AS27138,3
2019 X 9 X C1056 X AS27133,53
2019 X 9 X C1144 X AS46000,4
2019 X 9 X C1144 X AS27134,12
2019 X 9 X C1144 X AS27132,6
2019 X 9 X C1144 X AS27000,10
2019 X 9 X C1144 X AS27138,4
2019 X 9 X C1144 X AS27133,48
2019 X 9 X C1055 X AS42018,3
2019 X 9 X C1055 X AS21126,0
2019 X 9 X C1055 X AS46000,3
2019 X 9 X C1055 X AS17005,3
2019 X 9 X C1055 X AS27134,25
2019 X 9 X C1055 X AS27132,3
2019 X 9 X C1055 X AS27000,16
2019 X 9 X C1055 X AS27139,3
2019 X 9 X C1055 X AS27137,3
2019 X 9 X C1055 X AS27138,3
2019 X 9 X C1055 X AS27133,16
2019 X 7 X C3011 X AS27000,17
2019 X 7 X C3011 X AS27137,0
2019 X 7 X C3011 X AS27138,5
2019 X 7 X C3011 X AS27133,55
2019 X 8 X C3011 X AS27000,24
2019 X 8 X C3011 X AS27137,5
2019 X 8 X C3011 X AS27138,11
2019 X 8 X C3011 X AS27133,58
2019 X 9 X C3011 X AS27000,21
2019 X 9 X C3011 X AS27137,3
2019 X 9 X C3011 X AS27138,8
2019 X 9 X C3011 X AS27133,51
2019 X 7 X C1088 X AS21126,0
2019 X 7 X C1088 X AS46000,5
2019 X 7 X C1088 X AS27134,67
2019 X 7 X C1088 X AS27132,6
2019 X 7 X C1088 X AS27000,23
2019 X 7 X C1088 X AS27137,21
2019 X 7 X C1088 X AS27138,20
2019 X 7 X C1088 X AS27133,176
2019 X 8 X C1088 X AS21126,0
2019 X 8 X C1088 X AS27134,80
2019 X 8 X C1088 X AS27132,13
2019 X 8 X C1088 X AS27000,29
2019 X 8 X C1088 X AS27137,27
2019 X 8 X C1088 X AS27138,26
2019 X 8 X C1088 X AS27133,162
2019 X 9 X C1088 X AS21126,0
2019 X 9 X C1088 X AS27134,73
2019 X 9 X C1088 X AS27132,9
2019 X 9 X C1088 X AS27000,25
2019 X 9 X C1088 X AS27137,25
2019 X 9 X C1088 X AS27138,23
2019 X 9 X C1088 X AS27133,187
2019 X 7 X C2003 X AS42018,0
2019 X 7 X C2003 X AS27132,6
2019 X 7 X C2003 X AS27000,10
2019 X 7 X C2003 X AS27137,3
2019 X 7 X C2003 X AS27138,0
2019 X 7 X C2003 X AS27133,21
2019 X 7 X C5060 X AS21126,0
2019 X 7 X C5060 X AS27000,2
2019 X 7 X C5060 X AS27137,3
2019 X 7 X C5060 X AS27138,0
2019 X 7 X C5060 X AS27133,43
2019 X 8 X C2003 X AS42018,0
2019 X 8 X C2003 X AS27132,12
2019 X 8 X C2003 X AS27000,15
2019 X 8 X C2003 X AS27137,9
2019 X 8 X C2003 X AS27138,5
2019 X 8 X C2003 X AS27133,26
2019 X 8 X C5060 X AS21126,0
2019 X 8 X C5060 X AS27000,9
2019 X 8 X C5060 X AS27137,10
2019 X 8 X C5060 X AS27138,7
2019 X 8 X C5060 X AS27133,50
2019 X 9 X C2003 X AS27132,7
2019 X 9 X C2003 X AS27000,12
2019 X 9 X C2003 X AS27137,6
2019 X 9 X C2003 X AS27138,3
2019 X 9 X C2003 X AS27133,22
2019 X 9 X C5060 X AS21126,0
2019 X 9 X C5060 X AS27000,6
2019 X 9 X C5060 X AS27137,7
2019 X 9 X C5060 X AS27138,4
2019 X 9 X C5060 X AS27133,46
2019 X 7 X C5018 X AS27132,0
2019 X 7 X C5018 X AS27000,10
2019 X 7 X C5018 X AS27137,2
2019 X 7 X C5018 X AS27138,1
2019 X 7 X C5018 X AS27133,72
2019 X 8 X C5018 X AS46000,0
2019 X 8 X C5018 X AS27132,5
2019 X 8 X C5018 X AS27000,15
2019 X 8 X C5018 X AS27137,9
2019 X 8 X C5018 X AS27138,8
2019 X 8 X C5018 X AS27133,81
2019 X 9 X C5018 X AS46000,0
2019 X 9 X C5018 X AS27132,3
2019 X 9 X C5018 X AS27000,11
2019 X 9 X C5018 X AS27137,8
2019 X 9 X C5018 X AS27138,5
2019 X 9 X C5018 X AS27133,74
2019 X 7 X C4024 X AS21126,0
2019 X 7 X C4024 X AS27132,0
2019 X 7 X C4024 X AS27000,3
2019 X 7 X C4024 X AS27137,0
2019 X 7 X C4024 X AS27133,10
2019 X 7 X C4019 X AS27134,10
2019 X 7 X C4019 X AS27132,13
2019 X 7 X C4019 X AS27000,42
2019 X 7 X C4019 X AS27137,5
2019 X 7 X C4019 X AS27138,5
2019 X 7 X C4019 X AS27133,11
2019 X 8 X C4019 X AS27134,17
2019 X 8 X C4019 X AS27132,17
2019 X 8 X C4019 X AS27000,47
2019 X 8 X C4019 X AS27137,11
2019 X 8 X C4019 X AS27138,12
2019 X 8 X C4019 X AS27133,17
2019 X 8 X C4024 X AS21126,0
2019 X 8 X C4024 X AS27132,5
2019 X 8 X C4024 X AS27000,9
2019 X 8 X C4024 X AS27137,5
2019 X 8 X C4024 X AS27138,0
2019 X 8 X C4024 X AS27133,16
2019 X 9 X C4019 X AS27134,21
2019 X 9 X C4019 X AS27132,13
2019 X 9 X C4019 X AS27000,64
2019 X 9 X C4019 X AS27137,8
2019 X 9 X C4019 X AS27138,8
2019 X 9 X C4019 X AS27133,14
2019 X 9 X C4024 X AS21126,0
2019 X 9 X C4024 X AS27132,3
2019 X 9 X C4024 X AS27000,6
2019 X 9 X C4024 X AS27137,3
2019 X 9 X C4024 X AS27138,0
2019 X 9 X C4024 X AS27133,13
2019 X 7 X C2051 X AS21126,0
2019 X 7 X C2051 X AS46000,0
2019 X 7 X C2051 X AS17005,0
2019 X 7 X C2051 X AS27134,0
2019 X 7 X C2051 X AS27132,0
2019 X 7 X C2051 X AS27000,40
2019 X 7 X C2051 X AS27139,0
2019 X 7 X C2051 X AS27137,0
2019 X 7 X C2051 X AS27138,0
2019 X 7 X C2051 X AS27133,24
2019 X 8 X C2051 X AS21126,0
2019 X 8 X C2051 X AS46000,5
2019 X 8 X C2051 X AS17005,5
2019 X 8 X C2051 X AS27134,5
2019 X 8 X C2051 X AS27132,5
2019 X 8 X C2051 X AS27000,45
2019 X 8 X C2051 X AS27139,5
2019 X 8 X C2051 X AS27137,6
2019 X 8 X C2051 X AS27138,6
2019 X 8 X C2051 X AS27133,29
2019 X 9 X C2051 X AS21126,0
2019 X 9 X C2051 X AS46000,3
2019 X 9 X C2051 X AS17005,3
2019 X 9 X C2051 X AS27134,3
2019 X 9 X C2051 X AS27132,3
2019 X 9 X C2051 X AS27000,39
2019 X 9 X C2051 X AS27139,3
2019 X 9 X C2051 X AS27137,3
2019 X 9 X C2051 X AS27138,3
2019 X 9 X C2051 X AS27133,25
2019 X 7 X C2004 X AS27134,0
2019 X 7 X C2004 X AS27132,0
2019 X 7 X C2004 X AS27000,55
2019 X 7 X C2004 X AS27137,0
2019 X 7 X C2004 X AS27138,13
2019 X 7 X C2004 X AS27133,101
2019 X 8 X C2004 X AS27134,6
2019 X 8 X C2004 X AS27132,6
2019 X 8 X C2004 X AS27000,61
2019 X 8 X C2004 X AS27139,0
2019 X 8 X C2004 X AS27137,5
2019 X 8 X C2004 X AS27138,19
2019 X 8 X C2004 X AS27133,105
2019 X 9 X C2004 X AS27134,3
2019 X 9 X C2004 X AS27132,3
2019 X 9 X C2004 X AS27000,55
2019 X 9 X C2004 X AS27139,0
2019 X 9 X C2004 X AS27137,3
2019 X 9 X C2004 X AS27138,16
2019 X 9 X C2004 X AS27133,99
2019 X 7 X C2005 X AS27134,26
2019 X 7 X C2005 X AS27000,168
2019 X 7 X C2005 X AS27137,23
2019 X 7 X C2005 X AS27133,179
2019 X 7 X C2016 X AS27134,4
2019 X 7 X C2016 X AS27000,24
2019 X 7 X C2016 X AS27133,61
2019 X 8 X C2005 X AS27134,31
2019 X 8 X C2005 X AS27000,137
2019 X 8 X C2005 X AS27137,28
2019 X 8 X C2005 X AS27133,145
2019 X 8 X C2016 X AS27134,10
2019 X 8 X C2016 X AS27000,30
2019 X 8 X C2016 X AS27133,64
2019 X 9 X C2005 X AS27134,25
2019 X 9 X C2005 X AS27000,143
2019 X 9 X C2005 X AS27137,26
2019 X 9 X C2005 X AS27133,188
2019 X 9 X C2016 X AS27134,7
2019 X 9 X C2016 X AS27000,27
2019 X 9 X C2016 X AS27133,62
2019 X 7 X C5019 X AS27132,0
2019 X 7 X C5019 X AS27000,25
2019 X 7 X C5019 X AS27137,24
2019 X 7 X C5019 X AS27138,13
2019 X 7 X C5019 X AS27133,43
2019 X 8 X C5019 X AS27132,5
2019 X 8 X C5019 X AS27000,31
2019 X 8 X C5019 X AS27137,30
2019 X 8 X C5019 X AS27138,18
2019 X 8 X C5019 X AS27133,47
2019 X 9 X C5019 X AS27132,3
2019 X 9 X C5019 X AS27000,28
2019 X 9 X C5019 X AS27137,27
2019 X 9 X C5019 X AS27138,15
2019 X 9 X C5019 X AS27133,42
2019 X 7 X C3012 X AS21126,0
2019 X 7 X C3012 X AS27134,16
2019 X 7 X C3012 X AS27132,2
2019 X 7 X C3012 X AS27000,9
2019 X 7 X C3012 X AS27139,0
2019 X 7 X C3012 X AS27137,2
2019 X 7 X C3012 X AS27138,16
2019 X 7 X C3012 X AS27133,67
2019 X 8 X C3012 X AS21126,0
2019 X 8 X C3012 X AS27134,22
2019 X 8 X C3012 X AS27132,9
2019 X 8 X C3012 X AS27000,14
2019 X 8 X C3012 X AS27139,5
2019 X 8 X C3012 X AS27137,9
2019 X 8 X C3012 X AS27138,21
2019 X 8 X C3012 X AS27133,75
2019 X 9 X C3012 X AS21126,0
2019 X 9 X C3012 X AS27134,18
2019 X 9 X C3012 X AS27132,5
2019 X 9 X C3012 X AS27000,11
2019 X 9 X C3012 X AS27139,3
2019 X 9 X C3012 X AS27137,5
2019 X 9 X C3012 X AS27138,19
2019 X 9 X C3012 X AS27133,69
2019 X 7 X C1089 X AS27134,23
2019 X 7 X C1089 X AS27132,0
2019 X 7 X C1089 X AS27000,2
2019 X 7 X C1089 X AS27139,0
2019 X 7 X C1089 X AS27138,0
2019 X 7 X C1089 X AS27133,14
2019 X 8 X C1089 X AS27134,28
2019 X 8 X C1089 X AS27132,5
2019 X 8 X C1089 X AS27000,9
2019 X 8 X C1089 X AS27139,5
2019 X 8 X C1089 X AS27138,7
2019 X 8 X C1089 X AS27133,20
2019 X 9 X C1089 X AS27134,23
2019 X 9 X C1089 X AS27132,3
2019 X 9 X C1089 X AS27000,6
2019 X 9 X C1089 X AS27139,3
2019 X 9 X C1089 X AS27138,5
2019 X 9 X C1089 X AS27133,18
2019 X 7 X C2053 X AS27134,14
2019 X 7 X C2053 X AS27132,4
2019 X 7 X C2053 X AS27000,4
2019 X 7 X C2053 X AS27139,0
2019 X 7 X C2053 X AS27137,0
2019 X 7 X C2053 X AS27138,0
2019 X 7 X C2053 X AS27133,31
2019 X 7 X C2017 X AS21126,0
2019 X 7 X C2017 X AS46000,0
2019 X 7 X C2017 X AS17005,0
2019 X 7 X C2017 X AS27132,0
2019 X 7 X C2017 X AS27000,0
2019 X 7 X C2017 X AS27137,0
2019 X 7 X C2017 X AS27138,2
2019 X 7 X C2017 X AS27133,19
2019 X 7 X C2194 X AS27132,0
2019 X 7 X C2194 X AS27000,7
2019 X 7 X C2194 X AS27137,9
2019 X 7 X C2194 X AS27138,0
2019 X 7 X C2194 X AS27133,4
2019 X 7 X C2006 X AS21126,0
2019 X 7 X C2006 X AS46000,19
2019 X 7 X C2006 X AS27134,65
2019 X 7 X C2006 X AS27132,2
2019 X 7 X C2006 X AS27000,71
2019 X 7 X C2006 X AS27139,0
2019 X 7 X C2006 X AS27137,7
2019 X 7 X C2006 X AS27138,12
2019 X 7 X C2006 X AS27133,145
2019 X 8 X C2006 X AS21126,0
2019 X 8 X C2006 X AS46000,28
2019 X 8 X C2006 X AS27134,71
2019 X 8 X C2006 X AS27132,8
2019 X 8 X C2006 X AS27000,75
2019 X 8 X C2006 X AS27139,5
2019 X 8 X C2006 X AS27137,13
2019 X 8 X C2006 X AS27138,18
2019 X 8 X C2006 X AS27133,130
2019 X 8 X C2053 X AS27134,28
2019 X 8 X C2053 X AS27132,12
2019 X 8 X C2053 X AS27000,11
2019 X 8 X C2053 X AS27137,5
2019 X 8 X C2053 X AS27138,5
2019 X 8 X C2053 X AS27133,37
2019 X 8 X C2194 X AS27132,5
2019 X 8 X C2194 X AS27000,13
2019 X 8 X C2194 X AS27137,15
2019 X 8 X C2194 X AS27138,7
2019 X 8 X C2194 X AS27133,11
2019 X 8 X C2017 X AS21126,5
2019 X 8 X C2017 X AS46000,5
2019 X 8 X C2017 X AS17005,5
2019 X 8 X C2017 X AS27132,5
2019 X 8 X C2017 X AS27000,5
2019 X 8 X C2017 X AS27137,0
2019 X 8 X C2017 X AS27138,8
2019 X 8 X C2017 X AS27133,24
2019 X 9 X C2053 X AS27134,27
2019 X 9 X C2053 X AS27132,9
2019 X 9 X C2053 X AS27000,8
2019 X 9 X C2053 X AS27137,3
2019 X 9 X C2053 X AS27138,3
2019 X 9 X C2053 X AS27133,34
2019 X 9 X C2006 X AS21126,0
2019 X 9 X C2006 X AS46000,26
2019 X 9 X C2006 X AS27134,65
2019 X 9 X C2006 X AS27132,5
2019 X 9 X C2006 X AS27000,71
2019 X 9 X C2006 X AS27139,3
2019 X 9 X C2006 X AS27137,11
2019 X 9 X C2006 X AS27138,15
2019 X 9 X C2006 X AS27133,129
2019 X 9 X C2017 X AS21126,3
2019 X 9 X C2017 X AS46000,3
2019 X 9 X C2017 X AS17005,3
2019 X 9 X C2017 X AS27132,3
2019 X 9 X C2017 X AS27000,3
2019 X 9 X C2017 X AS27137,0
2019 X 9 X C2017 X AS27138,6
2019 X 9 X C2017 X AS27133,21
2019 X 9 X C2194 X AS27132,3
2019 X 9 X C2194 X AS27000,10
2019 X 9 X C2194 X AS27137,11
2019 X 9 X C2194 X AS27138,4
2019 X 9 X C2194 X AS27133,9
2019 X 7 X C1087 X AS42018,9
2019 X 7 X C1087 X AS21126,0
2019 X 7 X C1087 X AS46000,0
2019 X 7 X C1087 X AS17005,0
2019 X 7 X C1087 X AS27134,26
2019 X 7 X C1087 X AS27132,0
2019 X 7 X C1087 X AS27000,47
2019 X 7 X C1087 X AS27139,0
2019 X 7 X C1087 X AS27137,8
2019 X 7 X C1087 X AS27138,19
2019 X 7 X C1087 X AS27133,142
2019 X 7 X C1090 X AS21126,0
2019 X 7 X C1090 X AS46000,125
2019 X 7 X C1090 X AS27134,30
2019 X 7 X C1090 X AS27132,0
2019 X 7 X C1090 X AS27000,53
2019 X 7 X C1090 X AS27139,0
2019 X 7 X C1090 X AS27137,5
2019 X 7 X C1090 X AS27138,11
2019 X 7 X C1090 X AS27133,73
2019 X 8 X C1090 X AS21126,0
2019 X 8 X C1090 X AS46000,133
2019 X 8 X C1090 X AS27134,32
2019 X 8 X C1090 X AS27132,6
2019 X 8 X C1090 X AS27000,59
2019 X 8 X C1090 X AS27139,5
2019 X 8 X C1090 X AS27137,11
2019 X 8 X C1090 X AS27138,16
2019 X 8 X C1090 X AS27133,85
2019 X 8 X C1087 X AS42018,14
2019 X 8 X C1087 X AS21126,0
2019 X 8 X C1087 X AS46000,5
2019 X 8 X C1087 X AS17005,5
2019 X 8 X C1087 X AS27134,31
2019 X 8 X C1087 X AS27132,6
2019 X 8 X C1087 X AS27000,47
2019 X 8 X C1087 X AS27139,5
2019 X 8 X C1087 X AS27137,13
2019 X 8 X C1087 X AS27138,26
2019 X 8 X C1087 X AS27133,147
2019 X 9 X C1090 X AS21126,0
2019 X 9 X C1090 X AS46000,125
2019 X 9 X C1090 X AS27134,29
2019 X 9 X C1090 X AS27132,3
2019 X 9 X C1090 X AS27000,54
2019 X 9 X C1090 X AS27139,3
2019 X 9 X C1090 X AS27137,7
2019 X 9 X C1090 X AS27138,13
2019 X 9 X C1090 X AS27133,79
2019 X 9 X C1087 X AS21126,0
2019 X 9 X C1087 X AS42018,11
2019 X 9 X C1087 X AS46000,3
2019 X 9 X C1087 X AS17005,3
2019 X 9 X C1087 X AS27134,26
2019 X 9 X C1087 X AS27132,3
2019 X 9 X C1087 X AS27000,46
2019 X 9 X C1087 X AS27139,3
2019 X 9 X C1087 X AS27137,10
2019 X 9 X C1087 X AS27138,24
2019 X 9 X C1087 X AS27133,140
2019 X 7 X C1091 X AS21126,0
2019 X 7 X C1091 X AS27132,0
2019 X 7 X C1091 X AS27000,7
2019 X 7 X C1091 X AS27137,18
2019 X 7 X C1091 X AS27138,0
2019 X 7 X C1091 X AS27133,11
2019 X 8 X C1091 X AS21126,0
2019 X 8 X C1091 X AS27132,5
2019 X 8 X C1091 X AS27000,13
2019 X 8 X C1091 X AS27137,24
2019 X 8 X C1091 X AS27138,5
2019 X 8 X C1091 X AS27133,22
2019 X 9 X C1091 X AS21126,0
2019 X 9 X C1091 X AS27000,9
2019 X 9 X C1091 X AS27137,18
2019 X 9 X C1091 X AS27138,4
2019 X 9 X C1091 X AS27133,20
2019 X 7 X C2131 X AS27000,3
2019 X 7 X C2131 X AS27139,0
2019 X 7 X C2131 X AS27137,2
2019 X 7 X C2131 X AS27138,0
2019 X 7 X C2131 X AS27133,1
2019 X 8 X C2131 X AS27000,9
2019 X 8 X C2131 X AS27139,5
2019 X 8 X C2131 X AS27137,9
2019 X 8 X C2131 X AS27138,7
2019 X 8 X C2131 X AS27133,10
2019 X 9 X C2131 X AS27000,6
2019 X 9 X C2131 X AS27139,3
2019 X 9 X C2131 X AS27137,6
2019 X 9 X C2131 X AS27138,5
2019 X 9 X C2131 X AS27133,9
2019 X 7 X C5002 X AS46000,7
2019 X 7 X C5002 X AS27132,0
2019 X 7 X C5002 X AS27000,0
2019 X 7 X C5002 X AS27137,41
2019 X 7 X C5002 X AS27138,12
2019 X 7 X C5002 X AS27133,27
2019 X 8 X C5002 X AS46000,13
2019 X 8 X C5002 X AS27132,4
2019 X 8 X C5002 X AS27000,5
2019 X 8 X C5002 X AS27137,46
2019 X 8 X C5002 X AS27138,18
2019 X 8 X C5002 X AS27133,34
2019 X 9 X C5002 X AS46000,9
2019 X 9 X C5002 X AS27132,3
2019 X 9 X C5002 X AS27000,3
2019 X 9 X C5002 X AS27137,48
2019 X 9 X C5002 X AS27138,16
2019 X 9 X C5002 X AS27133,29
2019 X 7 X C2061 X AS27132,0
2019 X 7 X C2061 X AS27000,10
2019 X 7 X C2061 X AS27138,11
2019 X 7 X C2061 X AS27133,12
2019 X 7 X C2056 X AS46000,0
2019 X 7 X C2056 X AS17005,0
2019 X 7 X C2056 X AS27134,17
2019 X 7 X C2056 X AS27132,16
2019 X 7 X C2056 X AS27000,70
2019 X 7 X C2056 X AS27137,42
2019 X 7 X C2056 X AS27138,11
2019 X 7 X C2056 X AS27133,57
2019 X 8 X C2061 X AS27132,5
2019 X 8 X C2061 X AS27000,16
2019 X 8 X C2061 X AS27138,19
2019 X 8 X C2061 X AS27133,18
2019 X 8 X C2056 X AS46000,5
2019 X 8 X C2056 X AS17005,5
2019 X 8 X C2056 X AS27134,22
2019 X 8 X C2056 X AS27132,23
2019 X 8 X C2056 X AS27000,74
2019 X 8 X C2056 X AS27137,47
2019 X 8 X C2056 X AS27138,18
2019 X 8 X C2056 X AS27133,59
2019 X 9 X C2061 X AS27132,3
2019 X 9 X C2061 X AS27000,12
2019 X 9 X C2061 X AS27138,17
2019 X 9 X C2061 X AS27133,16
2019 X 9 X C2056 X AS46000,3
2019 X 9 X C2056 X AS17005,3
2019 X 9 X C2056 X AS27134,18
2019 X 9 X C2056 X AS27132,19
2019 X 9 X C2056 X AS27000,69
2019 X 9 X C2056 X AS27137,45
2019 X 9 X C2056 X AS27138,15
2019 X 9 X C2056 X AS27133,55
2019 X 7 X C1092 X AS21126,0
2019 X 7 X C1092 X AS46000,8
2019 X 7 X C1092 X AS27134,26
2019 X 7 X C1092 X AS27132,5
2019 X 7 X C1092 X AS27000,8
2019 X 7 X C1092 X AS27139,0
2019 X 7 X C1092 X AS27137,1
2019 X 7 X C1092 X AS27133,77
2019 X 8 X C1092 X AS21126,0
2019 X 8 X C1092 X AS46000,17
2019 X 8 X C1092 X AS27134,31
2019 X 8 X C1092 X AS27132,11
2019 X 8 X C1092 X AS27000,13
2019 X 8 X C1092 X AS27139,4
2019 X 8 X C1092 X AS27137,8
2019 X 8 X C1092 X AS27133,79
2019 X 9 X C1092 X AS21126,0
2019 X 9 X C1092 X AS46000,19
2019 X 9 X C1092 X AS27134,29
2019 X 9 X C1092 X AS27132,7
2019 X 9 X C1092 X AS27000,10
2019 X 9 X C1092 X AS27139,3
2019 X 9 X C1092 X AS27137,6
2019 X 9 X C1092 X AS27133,74
2019 X 7 X C3013 X AS21126,0
2019 X 7 X C3013 X AS46000,0
2019 X 7 X C3013 X AS27134,9
2019 X 7 X C3013 X AS27132,0
2019 X 7 X C3013 X AS27000,8
2019 X 7 X C3013 X AS27137,2
2019 X 7 X C3013 X AS27138,28
2019 X 7 X C3013 X AS27133,13
2019 X 8 X C3013 X AS21126,0
2019 X 8 X C3013 X AS46000,5
2019 X 8 X C3013 X AS27134,14
2019 X 8 X C3013 X AS27132,5
2019 X 8 X C3013 X AS27000,13
2019 X 8 X C3013 X AS27137,8
2019 X 8 X C3013 X AS27138,32
2019 X 8 X C3013 X AS27133,21
2019 X 9 X C3013 X AS21126,0
2019 X 9 X C3013 X AS46000,3
2019 X 9 X C3013 X AS27134,11
2019 X 9 X C3013 X AS27132,3
2019 X 9 X C3013 X AS27000,10
2019 X 9 X C3013 X AS27137,5
2019 X 9 X C3013 X AS27138,33
2019 X 9 X C3013 X AS27133,20
2019 X 7 X C3021 X AS27133,0
2019 X 7 X C3016 X AS27134,0
2019 X 7 X C3016 X AS27132,0
2019 X 7 X C3016 X AS27000,1
2019 X 7 X C3016 X AS27137,7
2019 X 7 X C3016 X AS27133,35
2019 X 7 X C3018 X AS27134,0
2019 X 7 X C3018 X AS27132,0
2019 X 7 X C3018 X AS27000,0
2019 X 7 X C3018 X AS27137,5
2019 X 7 X C3018 X AS27133,27
2019 X 7 X C3043 X AS27134,0
2019 X 7 X C3043 X AS27137,0
2019 X 7 X C3043 X AS27138,0
2019 X 7 X C3043 X AS27133,0
2019 X 7 X C2127 X AS42018,0
2019 X 7 X C2127 X AS27134,8
2019 X 7 X C2127 X AS27132,0
2019 X 7 X C2127 X AS27000,0
2019 X 7 X C2127 X AS27139,0
2019 X 7 X C2127 X AS27137,17
2019 X 7 X C2127 X AS27138,35
2019 X 7 X C2127 X AS27133,59
2019 X 8 X C3021 X AS27133,5
2019 X 8 X C3043 X AS27134,0
2019 X 8 X C3043 X AS27137,0
2019 X 8 X C3043 X AS27138,0
2019 X 8 X C3043 X AS27133,0
2019 X 8 X C3018 X AS27134,7
2019 X 8 X C3018 X AS27132,5
2019 X 8 X C3018 X AS27000,5
2019 X 8 X C3018 X AS27137,11
2019 X 8 X C3018 X AS27133,32
2019 X 8 X C2127 X AS42018,5
2019 X 8 X C2127 X AS27134,21
2019 X 8 X C2127 X AS27132,5
2019 X 8 X C2127 X AS27000,5
2019 X 8 X C2127 X AS27139,5
2019 X 8 X C2127 X AS27137,22
2019 X 8 X C2127 X AS27138,41
2019 X 8 X C2127 X AS27133,61
2019 X 8 X C3016 X AS27134,5
2019 X 8 X C3016 X AS27132,6
2019 X 8 X C3016 X AS27000,8
2019 X 8 X C3016 X AS27137,13
2019 X 8 X C3016 X AS27133,40
2019 X 9 X C3016 X AS27134,3
2019 X 9 X C3016 X AS27132,3
2019 X 9 X C3016 X AS27000,5
2019 X 9 X C3016 X AS27137,9
2019 X 9 X C3016 X AS27133,38
2019 X 9 X C3043 X AS27134,0
2019 X 9 X C3043 X AS27137,0
2019 X 9 X C3043 X AS27138,0
2019 X 9 X C3043 X AS27133,0
2019 X 9 X C3018 X AS27134,4
2019 X 9 X C3018 X AS27132,3
2019 X 9 X C3018 X AS27000,3
2019 X 9 X C3018 X AS27137,8
2019 X 9 X C3018 X AS27133,30
2019 X 9 X C2127 X AS42018,3
2019 X 9 X C2127 X AS27134,21
2019 X 9 X C2127 X AS27132,3
2019 X 9 X C2127 X AS27000,4
2019 X 9 X C2127 X AS27139,3
2019 X 9 X C2127 X AS27137,20
2019 X 9 X C2127 X AS27138,36
2019 X 9 X C2127 X AS27133,63
2019 X 9 X C3021 X AS27133,3
2019 X 7 X C5020 X AS46000,0
2019 X 7 X C5020 X AS27134,1
2019 X 7 X C5020 X AS27000,4
2019 X 7 X C5020 X AS27137,1
2019 X 7 X C5020 X AS27138,4
2019 X 7 X C5020 X AS27133,25
2019 X 8 X C5020 X AS46000,5
2019 X 8 X C5020 X AS27134,8
2019 X 8 X C5020 X AS27000,10
2019 X 8 X C5020 X AS27137,7
2019 X 8 X C5020 X AS27138,10
2019 X 8 X C5020 X AS27133,31
2019 X 9 X C5020 X AS46000,3
2019 X 9 X C5020 X AS27134,4
2019 X 9 X C5020 X AS27000,8
2019 X 9 X C5020 X AS27137,4
2019 X 9 X C5020 X AS27138,8
2019 X 9 X C5020 X AS27133,27
2019 X 7 X C1027 X AS42018,0
2019 X 7 X C1027 X AS21126,0
2019 X 7 X C1027 X AS46000,0
2019 X 7 X C1027 X AS17005,0
2019 X 7 X C1027 X AS27134,9
2019 X 7 X C1027 X AS27132,0
2019 X 7 X C1027 X AS27000,41
2019 X 7 X C1027 X AS27137,7
2019 X 7 X C1027 X AS27138,4
2019 X 7 X C1027 X AS27133,29
2019 X 7 X C1015 X AS42018,0
2019 X 7 X C1015 X AS21126,0
2019 X 7 X C1015 X AS46000,27
2019 X 7 X C1015 X AS17005,0
2019 X 7 X C1015 X AS27134,10
2019 X 7 X C1015 X AS27132,0
2019 X 7 X C1015 X AS27000,19
2019 X 7 X C1015 X AS27139,0
2019 X 7 X C1015 X AS27137,0
2019 X 7 X C1015 X AS27138,0
2019 X 7 X C1015 X AS27133,11
2019 X 7 X C1030 X AS42018,0
2019 X 7 X C1030 X AS21126,0
2019 X 7 X C1030 X AS46000,0
2019 X 7 X C1030 X AS17005,0
2019 X 7 X C1030 X AS27134,0
2019 X 7 X C1030 X AS27132,4
2019 X 7 X C1030 X AS27000,64
2019 X 7 X C1030 X AS27139,0
2019 X 7 X C1030 X AS27137,1
2019 X 7 X C1030 X AS27138,9
2019 X 7 X C1030 X AS27133,13
2019 X 7 X C1035 X AS46000,13
2019 X 7 X C1035 X AS27134,0
2019 X 7 X C1035 X AS27132,0
2019 X 7 X C1035 X AS27000,11
2019 X 7 X C1035 X AS27137,0
2019 X 7 X C1035 X AS27138,3
2019 X 7 X C1035 X AS27133,52
2019 X 7 X C1058 X AS21126,0
2019 X 7 X C1058 X AS27000,0
2019 X 7 X C1058 X AS27137,0
2019 X 7 X C1094 X AS27000,0
2019 X 7 X C1094 X AS27137,0
2019 X 7 X C1094 X AS27138,20
2019 X 7 X C1024 X AS46000,7
2019 X 7 X C1024 X AS17005,0
2019 X 7 X C1024 X AS27134,22
2019 X 7 X C1024 X AS27132,10
2019 X 7 X C1024 X AS27000,167
2019 X 7 X C1024 X AS27137,4
2019 X 7 X C1024 X AS27138,12
2019 X 7 X C1024 X AS27133,85
2019 X 7 X C1101 X AS27134,1
2019 X 7 X C1101 X AS27132,0
2019 X 7 X C1101 X AS27000,11
2019 X 7 X C1101 X AS27137,0
2019 X 7 X C1101 X AS27133,14
2019 X 7 X C1069 X AS42018,0
2019 X 7 X C1069 X AS27134,0
2019 X 7 X C1069 X AS27132,0
2019 X 7 X C1069 X AS27000,72
2019 X 7 X C1069 X AS27137,9
2019 X 7 X C1069 X AS27138,7
2019 X 7 X C1069 X AS27133,45
2019 X 8 X C1035 X AS46000,19
2019 X 8 X C1035 X AS27134,5
2019 X 8 X C1035 X AS27132,5
2019 X 8 X C1035 X AS27000,17
2019 X 8 X C1035 X AS27137,4
2019 X 8 X C1035 X AS27138,9
2019 X 8 X C1035 X AS27133,63
2019 X 8 X C1027 X AS42018,5
2019 X 8 X C1027 X AS21126,5
2019 X 8 X C1027 X AS46000,5
2019 X 8 X C1027 X AS17005,5
2019 X 8 X C1027 X AS27134,14
2019 X 8 X C1027 X AS27132,5
2019 X 8 X C1027 X AS27000,47
2019 X 8 X C1027 X AS27137,13
2019 X 8 X C1027 X AS27138,11
2019 X 8 X C1027 X AS27133,36
2019 X 8 X C1015 X AS42018,5
2019 X 8 X C1015 X AS21126,5
2019 X 8 X C1015 X AS46000,32
2019 X 8 X C1015 X AS17005,5
2019 X 8 X C1015 X AS27134,16
2019 X 8 X C1015 X AS27132,5
2019 X 8 X C1015 X AS27000,25
2019 X 8 X C1015 X AS27139,5
2019 X 8 X C1015 X AS27137,4
2019 X 8 X C1015 X AS27138,5
2019 X 8 X C1015 X AS27133,17
2019 X 8 X C1069 X AS42018,4
2019 X 8 X C1069 X AS27134,5
2019 X 8 X C1069 X AS27132,5
2019 X 8 X C1069 X AS27000,75
2019 X 8 X C1069 X AS27137,14
2019 X 8 X C1069 X AS27138,13
2019 X 8 X C1069 X AS27133,51
2019 X 8 X C1024 X AS46000,13
2019 X 8 X C1024 X AS17005,5
2019 X 8 X C1024 X AS27134,25
2019 X 8 X C1024 X AS27132,16
2019 X 8 X C1024 X AS27000,178
2019 X 8 X C1024 X AS27137,10
2019 X 8 X C1024 X AS27138,18
2019 X 8 X C1024 X AS27133,79
2019 X 8 X C1101 X AS27134,7
2019 X 8 X C1101 X AS27132,6
2019 X 8 X C1101 X AS27000,17
2019 X 8 X C1101 X AS27137,5
2019 X 8 X C1101 X AS27133,19
2019 X 8 X C1030 X AS42018,5
2019 X 8 X C1030 X AS21126,5
2019 X 8 X C1030 X AS46000,5
2019 X 8 X C1030 X AS17005,5
2019 X 8 X C1030 X AS27134,6
2019 X 8 X C1030 X AS27132,10
2019 X 8 X C1030 X AS27000,71
2019 X 8 X C1030 X AS27139,5
2019 X 8 X C1030 X AS27137,7
2019 X 8 X C1030 X AS27138,14
2019 X 8 X C1030 X AS27133,19
2019 X 8 X C1058 X AS21126,0
2019 X 8 X C1058 X AS27000,5
2019 X 8 X C1058 X AS27137,5
2019 X 8 X C1094 X AS27000,0
2019 X 8 X C1094 X AS27137,5
2019 X 8 X C1094 X AS27138,27
2019 X 9 X C1101 X AS27134,4
2019 X 9 X C1101 X AS27132,3
2019 X 9 X C1101 X AS27000,13
2019 X 9 X C1101 X AS27137,3
2019 X 9 X C1101 X AS27138,0
2019 X 9 X C1101 X AS27133,17
2019 X 9 X C1027 X AS42018,3
2019 X 9 X C1027 X AS21126,3
2019 X 9 X C1027 X AS46000,3
2019 X 9 X C1027 X AS17005,3
2019 X 9 X C1027 X AS27134,11
2019 X 9 X C1027 X AS27132,3
2019 X 9 X C1027 X AS27000,41
2019 X 9 X C1027 X AS27137,10
2019 X 9 X C1027 X AS27138,9
2019 X 9 X C1027 X AS27133,33
2019 X 9 X C1069 X AS42018,3
2019 X 9 X C1069 X AS27134,3
2019 X 9 X C1069 X AS27132,3
2019 X 9 X C1069 X AS27000,69
2019 X 9 X C1069 X AS27137,12
2019 X 9 X C1069 X AS27138,10
2019 X 9 X C1069 X AS27133,48
2019 X 9 X C1030 X AS42018,3
2019 X 9 X C1030 X AS21126,3
2019 X 9 X C1030 X AS46000,3
2019 X 9 X C1030 X AS17005,3
2019 X 9 X C1030 X AS27134,3
2019 X 9 X C1030 X AS27132,6
2019 X 9 X C1030 X AS27000,65
2019 X 9 X C1030 X AS27139,3
2019 X 9 X C1030 X AS27137,4
2019 X 9 X C1030 X AS27138,11
2019 X 9 X C1030 X AS27133,17
2019 X 9 X C1035 X AS46000,19
2019 X 9 X C1035 X AS27134,3
2019 X 9 X C1035 X AS27132,3
2019 X 9 X C1035 X AS27000,12
2019 X 9 X C1035 X AS27137,3
2019 X 9 X C1035 X AS27138,5
2019 X 9 X C1035 X AS27133,55
2019 X 9 X C1058 X AS21126,0
2019 X 9 X C1058 X AS27000,3
2019 X 9 X C1058 X AS27137,3
2019 X 9 X C1094 X AS27000,0
2019 X 9 X C1094 X AS27137,3
2019 X 9 X C1094 X AS27138,24
2019 X 9 X C1024 X AS46000,9
2019 X 9 X C1024 X AS17005,3
2019 X 9 X C1024 X AS27134,26
2019 X 9 X C1024 X AS27132,11
2019 X 9 X C1024 X AS27000,165
2019 X 9 X C1024 X AS27137,7
2019 X 9 X C1024 X AS27138,15
2019 X 9 X C1024 X AS27133,82
2019 X 9 X C1015 X AS42018,3
2019 X 9 X C1015 X AS21126,3
2019 X 9 X C1015 X AS46000,28
2019 X 9 X C1015 X AS17005,3
2019 X 9 X C1015 X AS27134,11
2019 X 9 X C1015 X AS27132,3
2019 X 9 X C1015 X AS27000,20
2019 X 9 X C1015 X AS27139,3
2019 X 9 X C1015 X AS27137,3
2019 X 9 X C1015 X AS27138,3
2019 X 9 X C1015 X AS27133,15
2019 X 7 X C2059 X AS27000,16
2019 X 7 X C2059 X AS27137,5
2019 X 7 X C2059 X AS27138,11
2019 X 7 X C2059 X AS27133,21
2019 X 8 X C2059 X AS27000,22
2019 X 8 X C2059 X AS27137,13
2019 X 8 X C2059 X AS27138,19
2019 X 8 X C2059 X AS27133,29
2019 X 9 X C2059 X AS27000,18
2019 X 9 X C2059 X AS27137,11
2019 X 9 X C2059 X AS27138,16
2019 X 9 X C2059 X AS27133,27
2019 X 7 X C5001 X AS27134,19
2019 X 7 X C5001 X AS27000,3
2019 X 7 X C5001 X AS27139,0
2019 X 7 X C5001 X AS27137,0
2019 X 7 X C5001 X AS27138,33
2019 X 7 X C5001 X AS27133,49
2019 X 8 X C5001 X AS27134,27
2019 X 8 X C5001 X AS27000,11
2019 X 8 X C5001 X AS27139,0
2019 X 8 X C5001 X AS27137,5
2019 X 8 X C5001 X AS27138,35
2019 X 8 X C5001 X AS27133,52
2019 X 9 X C5001 X AS27134,26
2019 X 9 X C5001 X AS27000,8
2019 X 9 X C5001 X AS27137,3
2019 X 9 X C5001 X AS27138,38
2019 X 9 X C5001 X AS27133,49
2019 X 7 X C3017 X AS46000,14
2019 X 7 X C3017 X AS27134,0
2019 X 7 X C3017 X AS27132,0
2019 X 7 X C3017 X AS27000,18
2019 X 7 X C3017 X AS27137,15
2019 X 7 X C3017 X AS27138,22
2019 X 7 X C3017 X AS27133,41
2019 X 8 X C3017 X AS46000,21
2019 X 8 X C3017 X AS27134,6
2019 X 8 X C3017 X AS27132,4
2019 X 8 X C3017 X AS27000,24
2019 X 8 X C3017 X AS27137,22
2019 X 8 X C3017 X AS27138,27
2019 X 8 X C3017 X AS27133,46
2019 X 9 X C3017 X AS46000,20
2019 X 9 X C3017 X AS27134,3
2019 X 9 X C3017 X AS27132,3
2019 X 9 X C3017 X AS27000,22
2019 X 9 X C3017 X AS27137,19
2019 X 9 X C3017 X AS27138,24
2019 X 9 X C3017 X AS27133,40
2019 X 7 X C4022 X AS21126,0
2019 X 7 X C4022 X AS27134,18
2019 X 7 X C4022 X AS27132,0
2019 X 7 X C4022 X AS27000,0
2019 X 7 X C4022 X AS27139,0
2019 X 7 X C4022 X AS27137,0
2019 X 7 X C4022 X AS27138,0
2019 X 7 X C4022 X AS27133,20
2019 X 8 X C4022 X AS21126,0
2019 X 8 X C4022 X AS27134,23
2019 X 8 X C4022 X AS27132,5
2019 X 8 X C4022 X AS27000,7
2019 X 8 X C4022 X AS27139,5
2019 X 8 X C4022 X AS27137,5
2019 X 8 X C4022 X AS27138,5
2019 X 8 X C4022 X AS27133,26
2019 X 9 X C4022 X AS21126,0
2019 X 9 X C4022 X AS27134,19
2019 X 9 X C4022 X AS27132,3
2019 X 9 X C4022 X AS27000,4
2019 X 9 X C4022 X AS27139,3
2019 X 9 X C4022 X AS27137,3
2019 X 9 X C4022 X AS27138,3
2019 X 9 X C4022 X AS27133,23
2019 X 7 X C5066 X AS27139,0
2019 X 7 X C5066 X AS27137,0
2019 X 7 X C5066 X AS27138,6
2019 X 7 X C5066 X AS27133,16
2019 X 8 X C5066 X AS27139,0
2019 X 8 X C5066 X AS27137,5
2019 X 8 X C5066 X AS27138,12
2019 X 8 X C5066 X AS27133,21
2019 X 9 X C5066 X AS27000,0
2019 X 9 X C5066 X AS27137,3
2019 X 9 X C5066 X AS27138,7
2019 X 9 X C5066 X AS27133,18
2019 X 7 X C4003 X AS21126,0
2019 X 7 X C4003 X AS27137,0
2019 X 7 X C4003 X AS27138,0
2019 X 7 X C4003 X AS27133,26
2019 X 8 X C4003 X AS21126,0
2019 X 8 X C4003 X AS27137,5
2019 X 8 X C4003 X AS27138,5
2019 X 8 X C4003 X AS27133,32
2019 X 9 X C4003 X AS27137,3
2019 X 9 X C4003 X AS27138,3
2019 X 9 X C4003 X AS27133,28
2019 X 7 X C3019 X AS27134,0
2019 X 7 X C3019 X AS27000,6
2019 X 7 X C3019 X AS27137,1
2019 X 7 X C3019 X AS27138,2
2019 X 7 X C3019 X AS27133,93
2019 X 7 X C3022 X AS27000,0
2019 X 7 X C3022 X AS27137,3
2019 X 7 X C3022 X AS27138,4
2019 X 7 X C3022 X AS27133,20
2019 X 8 X C3019 X AS27134,5
2019 X 8 X C3019 X AS27000,11
2019 X 8 X C3019 X AS27137,8
2019 X 8 X C3019 X AS27138,8
2019 X 8 X C3019 X AS27133,99
2019 X 8 X C3022 X AS27000,7
2019 X 8 X C3022 X AS27137,9
2019 X 8 X C3022 X AS27138,11
2019 X 8 X C3022 X AS27133,27
2019 X 9 X C3019 X AS27134,3
2019 X 9 X C3019 X AS27000,8
2019 X 9 X C3019 X AS27137,5
2019 X 9 X C3019 X AS27138,6
2019 X 9 X C3019 X AS27133,92
2019 X 9 X C3022 X AS27000,4
2019 X 9 X C3022 X AS27137,5
2019 X 9 X C3022 X AS27138,9
2019 X 9 X C3022 X AS27133,24
2019 X 7 X C5003 X AS27000,9
2019 X 7 X C5003 X AS27137,24
2019 X 7 X C5003 X AS27138,23
2019 X 7 X C5003 X AS27133,46
2019 X 7 X C5063 X AS46000,4
2019 X 7 X C5063 X AS17005,0
2019 X 7 X C5063 X AS27134,3
2019 X 7 X C5063 X AS27000,0
2019 X 7 X C5063 X AS27137,0
2019 X 7 X C5063 X AS27138,0
2019 X 7 X C5063 X AS27133,9
2019 X 8 X C5063 X AS46000,10
2019 X 8 X C5063 X AS17005,5
2019 X 8 X C5063 X AS27134,9
2019 X 8 X C5063 X AS27000,5
2019 X 8 X C5063 X AS27137,4
2019 X 8 X C5063 X AS27138,6
2019 X 8 X C5063 X AS27133,15
2019 X 8 X C5003 X AS27000,15
2019 X 8 X C5003 X AS27137,30
2019 X 8 X C5003 X AS27138,28
2019 X 8 X C5003 X AS27133,51
2019 X 9 X C5003 X AS27000,11
2019 X 9 X C5003 X AS27137,27
2019 X 9 X C5003 X AS27138,25
2019 X 9 X C5003 X AS27133,48
2019 X 9 X C5063 X AS46000,6
2019 X 9 X C5063 X AS17005,3
2019 X 9 X C5063 X AS27134,6
2019 X 9 X C5063 X AS27000,3
2019 X 9 X C5063 X AS27137,3
2019 X 9 X C5063 X AS27138,4
2019 X 9 X C5063 X AS27133,13
2019 X 7 X C3020 X AS42018,0
2019 X 7 X C3020 X AS27134,0
2019 X 7 X C3020 X AS27132,1
2019 X 7 X C3020 X AS27000,16
2019 X 7 X C3020 X AS27139,0
2019 X 7 X C3020 X AS27137,9
2019 X 7 X C3020 X AS27138,1
2019 X 7 X C3020 X AS27133,76
2019 X 7 X C3001 X AS21126,0
2019 X 7 X C3001 X AS27134,7
2019 X 7 X C3001 X AS27132,5
2019 X 7 X C3001 X AS27000,7
2019 X 7 X C3001 X AS27139,0
2019 X 7 X C3001 X AS27137,0
2019 X 7 X C3001 X AS27138,0
2019 X 7 X C3001 X AS27133,13
2019 X 8 X C3001 X AS21126,5
2019 X 8 X C3001 X AS27134,16
2019 X 8 X C3001 X AS27132,12
2019 X 8 X C3001 X AS27000,13
2019 X 8 X C3001 X AS27139,5
2019 X 8 X C3001 X AS27137,5
2019 X 8 X C3001 X AS27138,5
2019 X 8 X C3001 X AS27133,21
2019 X 8 X C3020 X AS42018,5
2019 X 8 X C3020 X AS27134,7
2019 X 8 X C3020 X AS27132,7
2019 X 8 X C3020 X AS27000,21
2019 X 8 X C3020 X AS27139,5
2019 X 8 X C3020 X AS27137,16
2019 X 8 X C3020 X AS27138,7
2019 X 8 X C3020 X AS27133,78
2019 X 9 X C3020 X AS21126,0
2019 X 9 X C3020 X AS42018,3
2019 X 9 X C3020 X AS27134,4
2019 X 9 X C3020 X AS27132,4
2019 X 9 X C3020 X AS27000,18
2019 X 9 X C3020 X AS27139,3
2019 X 9 X C3020 X AS27137,14
2019 X 9 X C3020 X AS27138,4
2019 X 9 X C3020 X AS27133,72
2019 X 9 X C3001 X AS21126,3
2019 X 9 X C3001 X AS27134,13
2019 X 9 X C3001 X AS27132,12
2019 X 9 X C3001 X AS27000,9
2019 X 9 X C3001 X AS27139,3
2019 X 9 X C3001 X AS27137,3
2019 X 9 X C3001 X AS27138,3
2019 X 9 X C3001 X AS27133,18
2019 X 7 X C2060 X AS46000,38
2019 X 7 X C2060 X AS27134,0
2019 X 7 X C2060 X AS27132,3
2019 X 7 X C2060 X AS27000,12
2019 X 7 X C2060 X AS27139,0
2019 X 7 X C2060 X AS27138,1
2019 X 7 X C2060 X AS27133,37
2019 X 8 X C2060 X AS46000,44
2019 X 8 X C2060 X AS27134,6
2019 X 8 X C2060 X AS27132,9
2019 X 8 X C2060 X AS27000,18
2019 X 8 X C2060 X AS27139,5
2019 X 8 X C2060 X AS27138,8
2019 X 8 X C2060 X AS27133,48
2019 X 9 X C2060 X AS46000,42
2019 X 9 X C2060 X AS27134,5
2019 X 9 X C2060 X AS27132,6
2019 X 9 X C2060 X AS27000,16
2019 X 9 X C2060 X AS27139,3
2019 X 9 X C2060 X AS27138,6
2019 X 9 X C2060 X AS27133,49
2019 X 7 X C4025 X AS21126,0
2019 X 7 X C4025 X AS27134,0
2019 X 7 X C4025 X AS27132,0
2019 X 7 X C4025 X AS27000,21
2019 X 7 X C4025 X AS27137,1
2019 X 7 X C4025 X AS27138,0
2019 X 7 X C4025 X AS27133,18
2019 X 8 X C4025 X AS21126,0
2019 X 8 X C4025 X AS27000,27
2019 X 8 X C4025 X AS27137,8
2019 X 8 X C4025 X AS27138,4
2019 X 8 X C4025 X AS27133,23
2019 X 9 X C4025 X AS21126,0
2019 X 9 X C4025 X AS27000,23
2019 X 9 X C4025 X AS27137,5
2019 X 9 X C4025 X AS27138,3
2019 X 9 X C4025 X AS27133,21
2019 X 7 X C2062 X AS42018,0
2019 X 7 X C2062 X AS27134,2
2019 X 7 X C2062 X AS27132,1
2019 X 7 X C2062 X AS27000,15
2019 X 7 X C2062 X AS27139,0
2019 X 7 X C2062 X AS27137,0
2019 X 7 X C2062 X AS27138,1
2019 X 7 X C2062 X AS27133,23
2019 X 8 X C2062 X AS42018,5
2019 X 8 X C2062 X AS27134,9
2019 X 8 X C2062 X AS27132,8
2019 X 8 X C2062 X AS27000,20
2019 X 8 X C2062 X AS27139,5
2019 X 8 X C2062 X AS27137,6
2019 X 8 X C2062 X AS27138,7
2019 X 8 X C2062 X AS27133,29
2019 X 9 X C2062 X AS42018,3
2019 X 9 X C2062 X AS27134,5
2019 X 9 X C2062 X AS27132,6
2019 X 9 X C2062 X AS27000,16
2019 X 9 X C2062 X AS27139,3
2019 X 9 X C2062 X AS27137,3
2019 X 9 X C2062 X AS27138,4
2019 X 9 X C2062 X AS27133,26
2019 X 7 X C2214 X AS27000,13
2019 X 7 X C2214 X AS27138,8
2019 X 7 X C2214 X AS27133,31
2019 X 7 X C2007 X AS21126,0
2019 X 7 X C2007 X AS27134,5
2019 X 7 X C2007 X AS27132,11
2019 X 7 X C2007 X AS27000,5
2019 X 7 X C2007 X AS27137,4
2019 X 7 X C2007 X AS27138,0
2019 X 7 X C2007 X AS27133,29
2019 X 8 X C2214 X AS27000,18
2019 X 8 X C2214 X AS27138,13
2019 X 8 X C2214 X AS27133,36
2019 X 8 X C2007 X AS21126,0
2019 X 8 X C2007 X AS27134,11
2019 X 8 X C2007 X AS27132,20
2019 X 8 X C2007 X AS27000,11
2019 X 8 X C2007 X AS27137,12
2019 X 8 X C2007 X AS27138,0
2019 X 8 X C2007 X AS27133,35
2019 X 9 X C2214 X AS27000,14
2019 X 9 X C2214 X AS27138,10
2019 X 9 X C2214 X AS27133,35
2019 X 9 X C2007 X AS21126,0
2019 X 9 X C2007 X AS27134,7
2019 X 9 X C2007 X AS27132,17
2019 X 9 X C2007 X AS27000,7
2019 X 9 X C2007 X AS27137,10
2019 X 9 X C2007 X AS27138,0
2019 X 9 X C2007 X AS27133,30
2019 X 7 X C1095 X AS21126,0
2019 X 7 X C1095 X AS27134,0
2019 X 7 X C1095 X AS27132,0
2019 X 7 X C1095 X AS27000,2
2019 X 7 X C1095 X AS27137,0
2019 X 7 X C1095 X AS27138,1
2019 X 7 X C1095 X AS27133,26
2019 X 8 X C1095 X AS21126,0
2019 X 8 X C1095 X AS27134,4
2019 X 8 X C1095 X AS27132,5
2019 X 8 X C1095 X AS27000,8
2019 X 8 X C1095 X AS27137,4
2019 X 8 X C1095 X AS27138,8
2019 X 8 X C1095 X AS27133,32
2019 X 9 X C1095 X AS21126,0
2019 X 9 X C1095 X AS27134,3
2019 X 9 X C1095 X AS27132,3
2019 X 9 X C1095 X AS27000,4
2019 X 9 X C1095 X AS27137,3
2019 X 9 X C1095 X AS27138,5
2019 X 9 X C1095 X AS27133,29
2019 X 7 X C2041 X AS27132,0
2019 X 7 X C2041 X AS27000,6
2019 X 7 X C2041 X AS27137,11
2019 X 7 X C2041 X AS27138,3
2019 X 7 X C2041 X AS27133,42
2019 X 7 X C2008 X AS46000,23
2019 X 7 X C2008 X AS27132,0
2019 X 7 X C2008 X AS27000,0
2019 X 7 X C2008 X AS27137,1
2019 X 7 X C2008 X AS27138,26
2019 X 7 X C2008 X AS27133,16
2019 X 8 X C2008 X AS46000,30
2019 X 8 X C2008 X AS27132,5
2019 X 8 X C2008 X AS27000,5
2019 X 8 X C2008 X AS27137,9
2019 X 8 X C2008 X AS27138,31
2019 X 8 X C2008 X AS27133,22
2019 X 8 X C2041 X AS27132,4
2019 X 8 X C2041 X AS27000,12
2019 X 8 X C2041 X AS27137,17
2019 X 8 X C2041 X AS27138,9
2019 X 8 X C2041 X AS27133,48
2019 X 9 X C2008 X AS46000,28
2019 X 9 X C2008 X AS27132,3
2019 X 9 X C2008 X AS27000,3
2019 X 9 X C2008 X AS27137,6
2019 X 9 X C2008 X AS27138,29
2019 X 9 X C2008 X AS27133,17
2019 X 9 X C2041 X AS27132,3
2019 X 9 X C2041 X AS27000,9
2019 X 9 X C2041 X AS27137,14
2019 X 9 X C2041 X AS27138,6
2019 X 9 X C2041 X AS27133,44
2019 X 7 X C1098 X AS27134,0
2019 X 7 X C1098 X AS27132,0
2019 X 7 X C1098 X AS27000,12
2019 X 7 X C1098 X AS27139,0
2019 X 7 X C1098 X AS27137,0
2019 X 7 X C1098 X AS27138,3
2019 X 7 X C1098 X AS27133,22
2019 X 8 X C1098 X AS27134,5
2019 X 8 X C1098 X AS27132,5
2019 X 8 X C1098 X AS27000,17
2019 X 8 X C1098 X AS27139,5
2019 X 8 X C1098 X AS27137,7
2019 X 8 X C1098 X AS27138,10
2019 X 8 X C1098 X AS27133,27
2019 X 9 X C1098 X AS27134,3
2019 X 9 X C1098 X AS27132,3
2019 X 9 X C1098 X AS27000,14
2019 X 9 X C1098 X AS27139,3
2019 X 9 X C1098 X AS27137,5
2019 X 9 X C1098 X AS27138,7
2019 X 9 X C1098 X AS27133,22
2019 X 7 X C2063 X AS27134,13
2019 X 7 X C2063 X AS27132,0
2019 X 7 X C2063 X AS27000,19
2019 X 7 X C2063 X AS27137,14
2019 X 7 X C2063 X AS27138,21
2019 X 7 X C2063 X AS27133,74
2019 X 8 X C2063 X AS27134,19
2019 X 8 X C2063 X AS27132,4
2019 X 8 X C2063 X AS27000,25
2019 X 8 X C2063 X AS27137,21
2019 X 8 X C2063 X AS27138,29
2019 X 8 X C2063 X AS27133,81
2019 X 9 X C2063 X AS27134,15
2019 X 9 X C2063 X AS27132,3
2019 X 9 X C2063 X AS27000,22
2019 X 9 X C2063 X AS27137,17
2019 X 9 X C2063 X AS27138,27
2019 X 9 X C2063 X AS27133,78
2019 X 7 X C2015 X AS21126,0
2019 X 7 X C2015 X AS27134,3
2019 X 7 X C2015 X AS27000,2
2019 X 7 X C2015 X AS27139,0
2019 X 7 X C2015 X AS27137,5
2019 X 7 X C2015 X AS27138,3
2019 X 7 X C2015 X AS27133,13
2019 X 7 X C2064 X AS46000,0
2019 X 7 X C2064 X AS27134,5
2019 X 7 X C2064 X AS27132,0
2019 X 7 X C2064 X AS27000,142
2019 X 7 X C2064 X AS27139,0
2019 X 7 X C2064 X AS27137,22
2019 X 7 X C2064 X AS27138,20
2019 X 7 X C2064 X AS27133,154
2019 X 7 X C1411 X AS42018,0
2019 X 7 X C1411 X AS21126,0
2019 X 7 X C1411 X AS27134,0
2019 X 7 X C1411 X AS27132,0
2019 X 7 X C1411 X AS27000,36
2019 X 7 X C1411 X AS27139,0
2019 X 7 X C1411 X AS27137,0
2019 X 7 X C1411 X AS27138,2
2019 X 7 X C1411 X AS27133,51
2019 X 7 X C2050 X AS27134,5
2019 X 7 X C2050 X AS27132,0
2019 X 7 X C2050 X AS27000,2
2019 X 7 X C2050 X AS27137,0
2019 X 7 X C2050 X AS27138,0
2019 X 7 X C2050 X AS27133,3
2019 X 8 X C2015 X AS21126,5
2019 X 8 X C2015 X AS27134,9
2019 X 8 X C2015 X AS27000,8
2019 X 8 X C2015 X AS27139,0
2019 X 8 X C2015 X AS27137,11
2019 X 8 X C2015 X AS27138,9
2019 X 8 X C2015 X AS27133,19
2019 X 8 X C2064 X AS46000,5
2019 X 8 X C2064 X AS27134,11
2019 X 8 X C2064 X AS27132,4
2019 X 8 X C2064 X AS27000,152
2019 X 8 X C2064 X AS27139,5
2019 X 8 X C2064 X AS27137,28
2019 X 8 X C2064 X AS27138,26
2019 X 8 X C2064 X AS27133,154
2019 X 8 X C1411 X AS21126,5
2019 X 8 X C1411 X AS42018,5
2019 X 8 X C1411 X AS27134,5
2019 X 8 X C1411 X AS27132,8
2019 X 8 X C1411 X AS27000,39
2019 X 8 X C1411 X AS27139,5
2019 X 8 X C1411 X AS27137,5
2019 X 8 X C1411 X AS27138,11
2019 X 8 X C1411 X AS27133,54
2019 X 8 X C2050 X AS27134,11
2019 X 8 X C2050 X AS27132,4
2019 X 8 X C2050 X AS27000,8
2019 X 8 X C2050 X AS27137,0
2019 X 8 X C2050 X AS27138,5
2019 X 8 X C2050 X AS27133,9
2019 X 9 X C2050 X AS27134,8
2019 X 9 X C2050 X AS27132,3
2019 X 9 X C2050 X AS27000,5
2019 X 9 X C2050 X AS27137,0
2019 X 9 X C2050 X AS27138,3
2019 X 9 X C2050 X AS27133,5
2019 X 9 X C2015 X AS21126,3
2019 X 9 X C2015 X AS27134,7
2019 X 9 X C2015 X AS27000,5
2019 X 9 X C2015 X AS27139,0
2019 X 9 X C2015 X AS27137,8
2019 X 9 X C2015 X AS27138,5
2019 X 9 X C2015 X AS27133,16
2019 X 9 X C2064 X AS46000,3
2019 X 9 X C2064 X AS27134,9
2019 X 9 X C2064 X AS27132,3
2019 X 9 X C2064 X AS27000,143
2019 X 9 X C2064 X AS27139,3
2019 X 9 X C2064 X AS27137,26
2019 X 9 X C2064 X AS27138,25
2019 X 9 X C2064 X AS27133,143
2019 X 9 X C1411 X AS42018,3
2019 X 9 X C1411 X AS21126,3
2019 X 9 X C1411 X AS27134,3
2019 X 9 X C1411 X AS27132,6
2019 X 9 X C1411 X AS27000,42
2019 X 9 X C1411 X AS27139,3
2019 X 9 X C1411 X AS27137,4
2019 X 9 X C1411 X AS27138,10
2019 X 9 X C1411 X AS27133,52
2019 X 7 X C2066 X AS21126,0
2019 X 7 X C2066 X AS46000,0
2019 X 7 X C2066 X AS27134,8
2019 X 7 X C2066 X AS27000,8
2019 X 7 X C2066 X AS27139,0
2019 X 7 X C2066 X AS27137,13
2019 X 7 X C2066 X AS27138,15
2019 X 7 X C2066 X AS27133,59
2019 X 8 X C2066 X AS21126,0
2019 X 8 X C2066 X AS46000,5
2019 X 8 X C2066 X AS27134,21
2019 X 8 X C2066 X AS27000,14
2019 X 8 X C2066 X AS27139,5
2019 X 8 X C2066 X AS27137,19
2019 X 8 X C2066 X AS27138,20
2019 X 8 X C2066 X AS27133,70
2019 X 9 X C2066 X AS21126,0
2019 X 9 X C2066 X AS46000,3
2019 X 9 X C2066 X AS27134,21
2019 X 9 X C2066 X AS27000,10
2019 X 9 X C2066 X AS27139,3
2019 X 9 X C2066 X AS27137,18
2019 X 9 X C2066 X AS27138,18
2019 X 9 X C2066 X AS27133,62
2019 X 7 X C4021 X AS21126,0
2019 X 7 X C4021 X AS42018,0
2019 X 7 X C4021 X AS46000,0
2019 X 7 X C4021 X AS17005,0
2019 X 7 X C4021 X AS27134,20
2019 X 7 X C4021 X AS27132,5
2019 X 7 X C4021 X AS27000,9
2019 X 7 X C4021 X AS27139,0
2019 X 7 X C4021 X AS27137,0
2019 X 7 X C4021 X AS27138,0
2019 X 7 X C4021 X AS27133,4
2019 X 7 X C2168 X AS21126,0
2019 X 7 X C2168 X AS42018,0
2019 X 7 X C2168 X AS46000,55
2019 X 7 X C2168 X AS17005,0
2019 X 7 X C2168 X AS27134,0
2019 X 7 X C2168 X AS27132,0
2019 X 7 X C2168 X AS27000,0
2019 X 7 X C2168 X AS27139,0
2019 X 7 X C2168 X AS27137,0
2019 X 7 X C2168 X AS27138,0
2019 X 7 X C2168 X AS27133,5
2019 X 7 X C4020 X AS21126,0
2019 X 7 X C4020 X AS27134,0
2019 X 7 X C4020 X AS27132,0
2019 X 7 X C4020 X AS27000,2
2019 X 7 X C4020 X AS27138,0
2019 X 7 X C4020 X AS27133,5
2019 X 7 X C4026 X AS46000,0
2019 X 7 X C4026 X AS27134,26
2019 X 7 X C4026 X AS27132,0
2019 X 7 X C4026 X AS27000,10
2019 X 7 X C4026 X AS27137,0
2019 X 7 X C4026 X AS27138,0
2019 X 7 X C4026 X AS27133,37
2019 X 8 X C4020 X AS21126,0
2019 X 8 X C4020 X AS27134,5
2019 X 8 X C4020 X AS27132,5
2019 X 8 X C4020 X AS27000,9
2019 X 8 X C4020 X AS27138,5
2019 X 8 X C4020 X AS27133,12
2019 X 8 X C4021 X AS21126,0
2019 X 8 X C4021 X AS42018,5
2019 X 8 X C4021 X AS46000,5
2019 X 8 X C4021 X AS17005,5
2019 X 8 X C4021 X AS27134,26
2019 X 8 X C4021 X AS27132,11
2019 X 8 X C4021 X AS27000,15
2019 X 8 X C4021 X AS27139,5
2019 X 8 X C4021 X AS27137,7
2019 X 8 X C4021 X AS27138,5
2019 X 8 X C4021 X AS27133,10
2019 X 8 X C2168 X AS21126,0
2019 X 8 X C2168 X AS42018,5
2019 X 8 X C2168 X AS46000,56
2019 X 8 X C2168 X AS17005,4
2019 X 8 X C2168 X AS27134,6
2019 X 8 X C2168 X AS27132,5
2019 X 8 X C2168 X AS27000,6
2019 X 8 X C2168 X AS27139,5
2019 X 8 X C2168 X AS27137,5
2019 X 8 X C2168 X AS27138,5
2019 X 8 X C2168 X AS27133,10
2019 X 8 X C4026 X AS46000,0
2019 X 8 X C4026 X AS27134,32
2019 X 8 X C4026 X AS27132,5
2019 X 8 X C4026 X AS27000,18
2019 X 8 X C4026 X AS27137,5
2019 X 8 X C4026 X AS27138,5
2019 X 8 X C4026 X AS27133,43
2019 X 9 X C2168 X AS42018,3
2019 X 9 X C2168 X AS21126,0
2019 X 9 X C2168 X AS46000,68
2019 X 9 X C2168 X AS17005,3
2019 X 9 X C2168 X AS27134,4
2019 X 9 X C2168 X AS27132,3
2019 X 9 X C2168 X AS27000,3
2019 X 9 X C2168 X AS27139,3
2019 X 9 X C2168 X AS27137,3
2019 X 9 X C2168 X AS27138,3
2019 X 9 X C2168 X AS27133,7
2019 X 9 X C4026 X AS46000,0
2019 X 9 X C4026 X AS27134,26
2019 X 9 X C4026 X AS27132,3
2019 X 9 X C4026 X AS27000,15
2019 X 9 X C4026 X AS27137,3
2019 X 9 X C4026 X AS27138,3
2019 X 9 X C4026 X AS27133,40
2019 X 9 X C4020 X AS27134,3
2019 X 9 X C4020 X AS27132,3
2019 X 9 X C4020 X AS27000,5
2019 X 9 X C4020 X AS27138,3
2019 X 9 X C4020 X AS27133,9
2019 X 9 X C4021 X AS21126,0
2019 X 9 X C4021 X AS42018,3
2019 X 9 X C4021 X AS46000,3
2019 X 9 X C4021 X AS17005,3
2019 X 9 X C4021 X AS27134,23
2019 X 9 X C4021 X AS27132,7
2019 X 9 X C4021 X AS27000,11
2019 X 9 X C4021 X AS27139,3
2019 X 9 X C4021 X AS27137,4
2019 X 9 X C4021 X AS27138,3
2019 X 9 X C4021 X AS27133,7
2019 X 7 X C3023 X AS42018,0
2019 X 7 X C3023 X AS46000,0
2019 X 7 X C3023 X AS27134,13
2019 X 7 X C3023 X AS27132,0
2019 X 7 X C3023 X AS27000,3
2019 X 7 X C3023 X AS27137,0
2019 X 7 X C3023 X AS27138,2
2019 X 7 X C3023 X AS27133,6
2019 X 8 X C3023 X AS42018,5
2019 X 8 X C3023 X AS46000,5
2019 X 8 X C3023 X AS27134,21
2019 X 8 X C3023 X AS27132,5
2019 X 8 X C3023 X AS27000,9
2019 X 8 X C3023 X AS27137,6
2019 X 8 X C3023 X AS27138,9
2019 X 8 X C3023 X AS27133,14
2019 X 9 X C3023 X AS42018,3
2019 X 9 X C3023 X AS46000,3
2019 X 9 X C3023 X AS27134,18
2019 X 9 X C3023 X AS27132,3
2019 X 9 X C3023 X AS27000,6
2019 X 9 X C3023 X AS27137,4
2019 X 9 X C3023 X AS27138,5
2019 X 9 X C3023 X AS27133,13
2019 X 7 X C1701 X AS21126,0
2019 X 7 X C1701 X AS27139,0
2019 X 7 X C1701 X AS27138,0
2019 X 7 X C1701 X AS27133,0
2019 X 7 X C1112 X AS42018,0
2019 X 7 X C1112 X AS21126,0
2019 X 7 X C1112 X AS46000,17
2019 X 7 X C1112 X AS17005,0
2019 X 7 X C1112 X AS27134,3
2019 X 7 X C1112 X AS27132,1
2019 X 7 X C1112 X AS27000,9
2019 X 7 X C1112 X AS27139,0
2019 X 7 X C1112 X AS27137,4
2019 X 7 X C1112 X AS27138,9
2019 X 7 X C1112 X AS27133,34
2019 X 7 X C2065 X AS21126,0
2019 X 7 X C2065 X AS46000,29
2019 X 7 X C2065 X AS17005,0
2019 X 7 X C2065 X AS27134,7
2019 X 7 X C2065 X AS27132,0
2019 X 7 X C2065 X AS27000,24
2019 X 7 X C2065 X AS27139,0
2019 X 7 X C2065 X AS27137,0
2019 X 7 X C2065 X AS27138,0
2019 X 7 X C2065 X AS27133,37
2019 X 7 X C1009 X AS27132,0
2019 X 7 X C1009 X AS27000,8
2019 X 7 X C1009 X AS27139,0
2019 X 7 X C1009 X AS27137,0
2019 X 7 X C1009 X AS27138,0
2019 X 7 X C1009 X AS27133,54
2019 X 8 X C2065 X AS21126,0
2019 X 8 X C2065 X AS46000,36
2019 X 8 X C2065 X AS17005,5
2019 X 8 X C2065 X AS27134,12
2019 X 8 X C2065 X AS27132,6
2019 X 8 X C2065 X AS27000,30
2019 X 8 X C2065 X AS27139,5
2019 X 8 X C2065 X AS27137,5
2019 X 8 X C2065 X AS27138,4
2019 X 8 X C2065 X AS27133,43
2019 X 8 X C1701 X AS21126,5
2019 X 8 X C1701 X AS27139,5
2019 X 8 X C1701 X AS27138,5
2019 X 8 X C1701 X AS27133,5
2019 X 8 X C1009 X AS27000,14
2019 X 8 X C1009 X AS27137,5
2019 X 8 X C1009 X AS27138,5
2019 X 8 X C1009 X AS27133,59
2019 X 8 X C1112 X AS42018,5
2019 X 8 X C1112 X AS21126,0
2019 X 8 X C1112 X AS46000,21
2019 X 8 X C1112 X AS17005,5
2019 X 8 X C1112 X AS27134,9
2019 X 8 X C1112 X AS27132,7
2019 X 8 X C1112 X AS27000,15
2019 X 8 X C1112 X AS27139,5
2019 X 8 X C1112 X AS27137,10
2019 X 8 X C1112 X AS27138,15
2019 X 8 X C1112 X AS27133,41
2019 X 9 X C1701 X AS21126,3
2019 X 9 X C1701 X AS27139,3
2019 X 9 X C1701 X AS27138,3
2019 X 9 X C1701 X AS27133,3
2019 X 9 X C1009 X AS27132,0
2019 X 9 X C1009 X AS27000,12
2019 X 9 X C1009 X AS27137,4
2019 X 9 X C1009 X AS27138,3
2019 X 9 X C1009 X AS27133,56
2019 X 9 X C1112 X AS42018,3
2019 X 9 X C1112 X AS21126,0
2019 X 9 X C1112 X AS46000,23
2019 X 9 X C1112 X AS17005,3
2019 X 9 X C1112 X AS27134,5
2019 X 9 X C1112 X AS27132,4
2019 X 9 X C1112 X AS27000,12
2019 X 9 X C1112 X AS27139,3
2019 X 9 X C1112 X AS27137,6
2019 X 9 X C1112 X AS27138,12
2019 X 9 X C1112 X AS27133,39
2019 X 9 X C2065 X AS21126,0
2019 X 9 X C2065 X AS46000,42
2019 X 9 X C2065 X AS17005,3
2019 X 9 X C2065 X AS27134,9
2019 X 9 X C2065 X AS27132,3
2019 X 9 X C2065 X AS27000,27
2019 X 9 X C2065 X AS27139,3
2019 X 9 X C2065 X AS27137,3
2019 X 9 X C2065 X AS27138,3
2019 X 9 X C2065 X AS27133,40
2019 X 7 X C2068 X AS27134,5
2019 X 7 X C2068 X AS27000,9
2019 X 7 X C2068 X AS27139,0
2019 X 7 X C2068 X AS27137,0
2019 X 7 X C2068 X AS27138,1
2019 X 7 X C2068 X AS27133,43
2019 X 8 X C2068 X AS27134,10
2019 X 8 X C2068 X AS27000,16
2019 X 8 X C2068 X AS27137,5
2019 X 8 X C2068 X AS27138,7
2019 X 8 X C2068 X AS27133,49
2019 X 9 X C2068 X AS27134,7
2019 X 9 X C2068 X AS27000,15
2019 X 9 X C2068 X AS27137,3
2019 X 9 X C2068 X AS27138,4
2019 X 9 X C2068 X AS27133,45
2019 X 7 X C5004 X AS42018,0
2019 X 7 X C5004 X AS21126,0
2019 X 7 X C5004 X AS27132,20
2019 X 7 X C5004 X AS27000,6
2019 X 7 X C5004 X AS27139,5
2019 X 7 X C5004 X AS27137,1
2019 X 7 X C5004 X AS27138,9
2019 X 7 X C5004 X AS27133,12
2019 X 8 X C5004 X AS21126,0
2019 X 8 X C5004 X AS42018,5
2019 X 8 X C5004 X AS27132,34
2019 X 8 X C5004 X AS27000,12
2019 X 8 X C5004 X AS27139,16
2019 X 8 X C5004 X AS27137,8
2019 X 8 X C5004 X AS27138,15
2019 X 8 X C5004 X AS27133,20
2019 X 9 X C5004 X AS42018,3
2019 X 9 X C5004 X AS21126,0
2019 X 9 X C5004 X AS27132,32
2019 X 9 X C5004 X AS27000,9
2019 X 9 X C5004 X AS27139,15
2019 X 9 X C5004 X AS27137,6
2019 X 9 X C5004 X AS27138,12
2019 X 9 X C5004 X AS27133,21
2019 X 7 X C5021 X AS27134,0
2019 X 7 X C5021 X AS27000,0
2019 X 7 X C5021 X AS27137,0
2019 X 7 X C5021 X AS27138,0
2019 X 7 X C5021 X AS27133,26
2019 X 8 X C5021 X AS27134,4
2019 X 8 X C5021 X AS27000,6
2019 X 8 X C5021 X AS27137,5
2019 X 8 X C5021 X AS27138,7
2019 X 8 X C5021 X AS27133,31
2019 X 9 X C5021 X AS27134,3
2019 X 9 X C5021 X AS27000,3
2019 X 9 X C5021 X AS27137,3
2019 X 9 X C5021 X AS27138,4
2019 X 9 X C5021 X AS27133,26
2019 X 7 X C2069 X AS27134,37
2019 X 7 X C2069 X AS27132,2
2019 X 7 X C2069 X AS27000,105
2019 X 7 X C2069 X AS27139,0
2019 X 7 X C2069 X AS27137,2
2019 X 7 X C2069 X AS27138,2
2019 X 7 X C2069 X AS27133,64
2019 X 7 X C2052 X AS27134,0
2019 X 7 X C2052 X AS27132,0
2019 X 7 X C2052 X AS27000,3
2019 X 7 X C2052 X AS27133,11
2019 X 7 X C2057 X AS27134,2
2019 X 7 X C2057 X AS27132,0
2019 X 7 X C2057 X AS27000,17
2019 X 7 X C2057 X AS27138,0
2019 X 7 X C2057 X AS27133,56
2019 X 8 X C2069 X AS27134,42
2019 X 8 X C2069 X AS27132,8
2019 X 8 X C2069 X AS27000,106
2019 X 8 X C2069 X AS27139,0
2019 X 8 X C2069 X AS27137,8
2019 X 8 X C2069 X AS27138,8
2019 X 8 X C2069 X AS27133,65
2019 X 8 X C2052 X AS27134,0
2019 X 8 X C2052 X AS27132,5
2019 X 8 X C2052 X AS27000,10
2019 X 8 X C2052 X AS27133,19
2019 X 8 X C2057 X AS27134,8
2019 X 8 X C2057 X AS27132,5
2019 X 8 X C2057 X AS27000,22
2019 X 8 X C2057 X AS27138,6
2019 X 8 X C2057 X AS27133,60
2019 X 9 X C2052 X AS27134,0
2019 X 9 X C2052 X AS27132,3
2019 X 9 X C2052 X AS27000,6
2019 X 9 X C2052 X AS27133,15
2019 X 9 X C2069 X AS27134,35
2019 X 9 X C2069 X AS27132,5
2019 X 9 X C2069 X AS27000,99
2019 X 9 X C2069 X AS27139,0
2019 X 9 X C2069 X AS27137,5
2019 X 9 X C2069 X AS27138,5
2019 X 9 X C2069 X AS27133,64
2019 X 9 X C2057 X AS27134,5
2019 X 9 X C2057 X AS27132,3
2019 X 9 X C2057 X AS27000,19
2019 X 9 X C2057 X AS27138,3
2019 X 9 X C2057 X AS27133,57
2019 X 7 X C1072 X AS21126,0
2019 X 7 X C1072 X AS27134,0
2019 X 7 X C1072 X AS27132,0
2019 X 7 X C1072 X AS27000,0
2019 X 7 X C1072 X AS27139,0
2019 X 7 X C1072 X AS27137,0
2019 X 7 X C1072 X AS27138,0
2019 X 7 X C1072 X AS27133,9
2019 X 7 X C1061 X AS42018,0
2019 X 7 X C1061 X AS21126,0
2019 X 7 X C1061 X AS27134,0
2019 X 7 X C1061 X AS27132,0
2019 X 7 X C1061 X AS27000,49
2019 X 7 X C1061 X AS27137,1
2019 X 7 X C1061 X AS27138,2
2019 X 7 X C1061 X AS27133,66
2019 X 8 X C1061 X AS42018,5
2019 X 8 X C1061 X AS21126,0
2019 X 8 X C1061 X AS27134,5
2019 X 8 X C1061 X AS27132,5
2019 X 8 X C1061 X AS27000,60
2019 X 8 X C1061 X AS27137,8
2019 X 8 X C1061 X AS27138,8
2019 X 8 X C1061 X AS27133,83
2019 X 8 X C1072 X AS21126,5
2019 X 8 X C1072 X AS27134,5
2019 X 8 X C1072 X AS27132,4
2019 X 8 X C1072 X AS27000,5
2019 X 8 X C1072 X AS27139,5
2019 X 8 X C1072 X AS27137,5
2019 X 8 X C1072 X AS27138,5
2019 X 8 X C1072 X AS27133,15
2019 X 9 X C1061 X AS21126,0
2019 X 9 X C1061 X AS42018,3
2019 X 9 X C1061 X AS27134,3
2019 X 9 X C1061 X AS27132,3
2019 X 9 X C1061 X AS27000,51
2019 X 9 X C1061 X AS27137,5
2019 X 9 X C1061 X AS27138,6
2019 X 9 X C1061 X AS27133,79
2019 X 9 X C1072 X AS21126,3
2019 X 9 X C1072 X AS27134,3
2019 X 9 X C1072 X AS27132,3
2019 X 9 X C1072 X AS27000,3
2019 X 9 X C1072 X AS27139,3
2019 X 9 X C1072 X AS27137,3
2019 X 9 X C1072 X AS27138,3
2019 X 9 X C1072 X AS27133,13
2019 X 7 X C2070 X AS46000,13
2019 X 7 X C2070 X AS27134,0
2019 X 7 X C2070 X AS27132,0
2019 X 7 X C2070 X AS27000,2
2019 X 7 X C2070 X AS27137,7
2019 X 7 X C2070 X AS27138,4
2019 X 7 X C2070 X AS27133,22
2019 X 8 X C2070 X AS46000,19
2019 X 8 X C2070 X AS27134,5
2019 X 8 X C2070 X AS27132,5
2019 X 8 X C2070 X AS27000,8
2019 X 8 X C2070 X AS27137,14
2019 X 8 X C2070 X AS27138,11
2019 X 8 X C2070 X AS27133,28
2019 X 9 X C2070 X AS46000,15
2019 X 9 X C2070 X AS27134,3
2019 X 9 X C2070 X AS27132,3
2019 X 9 X C2070 X AS27000,5
2019 X 9 X C2070 X AS27137,11
2019 X 9 X C2070 X AS27138,8
2019 X 9 X C2070 X AS27133,27
2019 X 7 X C2009 X AS17005,24
2019 X 7 X C2009 X AS27132,0
2019 X 7 X C2009 X AS27000,6
2019 X 7 X C2009 X AS27138,0
2019 X 7 X C2009 X AS27133,27
2019 X 8 X C2009 X AS17005,29
2019 X 8 X C2009 X AS27132,6
2019 X 8 X C2009 X AS27000,12
2019 X 8 X C2009 X AS27138,4
2019 X 8 X C2009 X AS27133,32
2019 X 9 X C2009 X AS17005,27
2019 X 9 X C2009 X AS27132,3
2019 X 9 X C2009 X AS27000,10
2019 X 9 X C2009 X AS27138,3
2019 X 9 X C2009 X AS27133,30
2019 X 7 X C1078 X AS42018,0
2019 X 7 X C1078 X AS21126,0
2019 X 7 X C1078 X AS27134,18
2019 X 7 X C1078 X AS27132,21
2019 X 7 X C1078 X AS27000,154
2019 X 7 X C1078 X AS27137,0
2019 X 7 X C1078 X AS27138,2
2019 X 7 X C1078 X AS27133,35
2019 X 7 X C1070 X AS21126,0
2019 X 7 X C1070 X AS27134,4
2019 X 7 X C1070 X AS27132,1
2019 X 7 X C1070 X AS27000,6
2019 X 7 X C1073 X AS27134,21
2019 X 7 X C1073 X AS27132,0
2019 X 7 X C1073 X AS27000,37
2019 X 7 X C1073 X AS27137,13
2019 X 7 X C1073 X AS27138,14
2019 X 7 X C1073 X AS27133,96
2019 X 7 X C1017 X AS42018,0
2019 X 7 X C1017 X AS21126,0
2019 X 7 X C1017 X AS27134,0
2019 X 7 X C1017 X AS27132,0
2019 X 7 X C1017 X AS27000,0
2019 X 7 X C1017 X AS27137,2
2019 X 7 X C1017 X AS27138,4
2019 X 7 X C1017 X AS27133,21
2019 X 8 X C1073 X AS27134,27
2019 X 8 X C1073 X AS27132,5
2019 X 8 X C1073 X AS27000,44
2019 X 8 X C1073 X AS27137,20
2019 X 8 X C1073 X AS27138,20
2019 X 8 X C1073 X AS27133,94
2019 X 8 X C1017 X AS42018,5
2019 X 8 X C1017 X AS21126,5
2019 X 8 X C1017 X AS27134,5
2019 X 8 X C1017 X AS27132,5
2019 X 8 X C1017 X AS27000,5
2019 X 8 X C1017 X AS27137,8
2019 X 8 X C1017 X AS27138,9
2019 X 8 X C1017 X AS27133,26
2019 X 8 X C1078 X AS21126,5
2019 X 8 X C1078 X AS42018,5
2019 X 8 X C1078 X AS27134,23
2019 X 8 X C1078 X AS27132,26
2019 X 8 X C1078 X AS27000,155
2019 X 8 X C1078 X AS27137,6
2019 X 8 X C1078 X AS27138,9
2019 X 8 X C1078 X AS27133,41
2019 X 8 X C1070 X AS21126,5
2019 X 8 X C1070 X AS27134,14
2019 X 8 X C1070 X AS27132,7
2019 X 8 X C1070 X AS27000,12
2019 X 9 X C1073 X AS21126,0
2019 X 9 X C1073 X AS27134,23
2019 X 9 X C1073 X AS27132,3
2019 X 9 X C1073 X AS27000,40
2019 X 9 X C1073 X AS27137,18
2019 X 9 X C1073 X AS27138,17
2019 X 9 X C1073 X AS27133,88
2019 X 9 X C1078 X AS42018,3
2019 X 9 X C1078 X AS21126,3
2019 X 9 X C1078 X AS27134,19
2019 X 9 X C1078 X AS27132,21
2019 X 9 X C1078 X AS27000,148
2019 X 9 X C1078 X AS27137,4
2019 X 9 X C1078 X AS27138,5
2019 X 9 X C1078 X AS27133,38
2019 X 9 X C1070 X AS21126,3
2019 X 9 X C1070 X AS27134,12
2019 X 9 X C1070 X AS27132,4
2019 X 9 X C1070 X AS27000,9
2019 X 9 X C1017 X AS21126,3
2019 X 9 X C1017 X AS42018,3
2019 X 9 X C1017 X AS27134,3
2019 X 9 X C1017 X AS27132,3
2019 X 9 X C1017 X AS27000,3
2019 X 9 X C1017 X AS27137,5
2019 X 9 X C1017 X AS27138,6
2019 X 9 X C1017 X AS27133,23
2019 X 7 X C1028 X AS21126,0
2019 X 7 X C1028 X AS17005,0
2019 X 7 X C1028 X AS27134,0
2019 X 7 X C1028 X AS27132,0
2019 X 7 X C1028 X AS27000,23
2019 X 7 X C1028 X AS27137,0
2019 X 7 X C1028 X AS27138,0
2019 X 7 X C1028 X AS27133,27
2019 X 7 X C1074 X AS27134,8
2019 X 7 X C1074 X AS27132,0
2019 X 7 X C1074 X AS27000,43
2019 X 7 X C1074 X AS27137,8
2019 X 7 X C1074 X AS27138,3
2019 X 7 X C1074 X AS27133,6
2019 X 7 X C1077 X AS21126,6
2019 X 7 X C1077 X AS42018,0
2019 X 7 X C1077 X AS46000,8
2019 X 7 X C1077 X AS17005,0
2019 X 7 X C1077 X AS27134,7
2019 X 7 X C1077 X AS27132,34
2019 X 7 X C1077 X AS27000,272
2019 X 7 X C1077 X AS27137,9
2019 X 7 X C1077 X AS27138,7
2019 X 7 X C1077 X AS27133,10
2019 X 7 X C1067 X AS27134,0
2019 X 7 X C1067 X AS27000,19
2019 X 7 X C1067 X AS27137,6
2019 X 7 X C1067 X AS27133,3
2019 X 7 X C1099 X AS42018,4
2019 X 7 X C1099 X AS21126,0
2019 X 7 X C1099 X AS17005,0
2019 X 7 X C1099 X AS27134,19
2019 X 7 X C1099 X AS27132,2
2019 X 7 X C1099 X AS27000,25
2019 X 7 X C1099 X AS27137,16
2019 X 7 X C1099 X AS27138,49
2019 X 7 X C1099 X AS27133,44
2019 X 7 X C1007 X AS42018,37
2019 X 7 X C1007 X AS21126,0
2019 X 7 X C1007 X AS46000,0
2019 X 7 X C1007 X AS17005,0
2019 X 7 X C1007 X AS27134,1
2019 X 7 X C1007 X AS27132,41
2019 X 7 X C1007 X AS27000,47
2019 X 7 X C1007 X AS27139,0
2019 X 7 X C1007 X AS27137,9
2019 X 7 X C1007 X AS27138,18
2019 X 7 X C1007 X AS27133,13
2019 X 8 X C1074 X AS27134,14
2019 X 8 X C1074 X AS27132,5
2019 X 8 X C1074 X AS27000,49
2019 X 8 X C1074 X AS27137,14
2019 X 8 X C1074 X AS27138,9
2019 X 8 X C1074 X AS27133,12
2019 X 8 X C1028 X AS21126,5
2019 X 8 X C1028 X AS17005,5
2019 X 8 X C1028 X AS27134,5
2019 X 8 X C1028 X AS27132,5
2019 X 8 X C1028 X AS27000,29
2019 X 8 X C1028 X AS27137,5
2019 X 8 X C1028 X AS27138,5
2019 X 8 X C1028 X AS27133,32
2019 X 8 X C1077 X AS21126,11
2019 X 8 X C1077 X AS27134,12
2019 X 8 X C1077 X AS27132,41
2019 X 8 X C1077 X AS27000,244
2019 X 8 X C1077 X AS27137,16
2019 X 8 X C1077 X AS27138,14
2019 X 8 X C1077 X AS27133,17
2019 X 8 X C1067 X AS27134,4
2019 X 8 X C1067 X AS27000,24
2019 X 8 X C1067 X AS27137,12
2019 X 8 X C1067 X AS27133,10
2019 X 8 X C1099 X AS42018,10
2019 X 8 X C1099 X AS21126,0
2019 X 8 X C1099 X AS17005,5
2019 X 8 X C1099 X AS27134,22
2019 X 8 X C1099 X AS27132,8
2019 X 8 X C1099 X AS27000,30
2019 X 8 X C1099 X AS27137,21
2019 X 8 X C1099 X AS27138,52
2019 X 8 X C1099 X AS27133,50
2019 X 8 X C1007 X AS21126,0
2019 X 8 X C1007 X AS42018,41
2019 X 8 X C1007 X AS46000,5
2019 X 8 X C1007 X AS17005,5
2019 X 8 X C1007 X AS27134,9
2019 X 8 X C1007 X AS27132,46
2019 X 8 X C1007 X AS27000,49
2019 X 8 X C1007 X AS27139,5
2019 X 8 X C1007 X AS27137,14
2019 X 8 X C1007 X AS27138,23
2019 X 8 X C1007 X AS27133,20
2019 X 9 X C1028 X AS21126,3
2019 X 9 X C1028 X AS17005,3
2019 X 9 X C1028 X AS27134,3
2019 X 9 X C1028 X AS27132,3
2019 X 9 X C1028 X AS27000,24
2019 X 9 X C1028 X AS27137,3
2019 X 9 X C1028 X AS27138,3
2019 X 9 X C1028 X AS27133,29
2019 X 9 X C1074 X AS27134,9
2019 X 9 X C1074 X AS27132,3
2019 X 9 X C1074 X AS27000,43
2019 X 9 X C1074 X AS27137,11
2019 X 9 X C1074 X AS27138,7
2019 X 9 X C1074 X AS27133,8
2019 X 9 X C1077 X AS21126,8
2019 X 9 X C1077 X AS27134,8
2019 X 9 X C1077 X AS27132,35
2019 X 9 X C1077 X AS27000,245
2019 X 9 X C1077 X AS27137,14
2019 X 9 X C1077 X AS27138,11
2019 X 9 X C1077 X AS27133,15
2019 X 9 X C1099 X AS21126,0
2019 X 9 X C1099 X AS42018,6
2019 X 9 X C1099 X AS17005,3
2019 X 9 X C1099 X AS27134,19
2019 X 9 X C1099 X AS27000,26
2019 X 9 X C1099 X AS27137,18
2019 X 9 X C1099 X AS27138,49
2019 X 9 X C1099 X AS27133,63
2019 X 9 X C1007 X AS21126,0
2019 X 9 X C1007 X AS42018,37
2019 X 9 X C1007 X AS46000,3
2019 X 9 X C1007 X AS17005,3
2019 X 9 X C1007 X AS27134,6
2019 X 9 X C1007 X AS27132,40
2019 X 9 X C1007 X AS27000,48
2019 X 9 X C1007 X AS27139,3
2019 X 9 X C1007 X AS27137,11
2019 X 9 X C1007 X AS27138,21
2019 X 9 X C1007 X AS27133,19
2019 X 9 X C1067 X AS27134,3
2019 X 9 X C1067 X AS27000,24
2019 X 9 X C1067 X AS27137,9
2019 X 9 X C1067 X AS27133,6
2019 X 7 X C5006 X AS27134,6
2019 X 7 X C5006 X AS27132,0
2019 X 7 X C5006 X AS27000,7
2019 X 7 X C5006 X AS27139,0
2019 X 7 X C5006 X AS27137,0
2019 X 7 X C5006 X AS27138,3
2019 X 7 X C5006 X AS27133,79
2019 X 8 X C5006 X AS27134,12
2019 X 8 X C5006 X AS27132,5
2019 X 8 X C5006 X AS27000,15
2019 X 8 X C5006 X AS27139,5
2019 X 8 X C5006 X AS27137,7
2019 X 8 X C5006 X AS27138,9
2019 X 8 X C5006 X AS27133,88
2019 X 9 X C5006 X AS27134,10
2019 X 9 X C5006 X AS27132,3
2019 X 9 X C5006 X AS27000,13
2019 X 9 X C5006 X AS27139,3
2019 X 9 X C5006 X AS27137,4
2019 X 9 X C5006 X AS27138,6
2019 X 9 X C5006 X AS27133,85
2019 X 7 X C2071 X AS46000,6
2019 X 7 X C2071 X AS27134,0
2019 X 7 X C2071 X AS27132,0
2019 X 7 X C2071 X AS27000,0
2019 X 7 X C2071 X AS27139,0
2019 X 7 X C2071 X AS27137,0
2019 X 7 X C2071 X AS27138,13
2019 X 7 X C2071 X AS27133,25
2019 X 8 X C2071 X AS46000,13
2019 X 8 X C2071 X AS27134,5
2019 X 8 X C2071 X AS27132,5
2019 X 8 X C2071 X AS27000,5
2019 X 8 X C2071 X AS27139,6
2019 X 8 X C2071 X AS27137,4
2019 X 8 X C2071 X AS27138,20
2019 X 8 X C2071 X AS27133,31
2019 X 9 X C2071 X AS46000,10
2019 X 9 X C2071 X AS27134,3
2019 X 9 X C2071 X AS27132,3
2019 X 9 X C2071 X AS27000,3
2019 X 9 X C2071 X AS27139,5
2019 X 9 X C2071 X AS27137,3
2019 X 9 X C2071 X AS27138,20
2019 X 9 X C2071 X AS27133,28
2019 X 7 X C2055 X AS17005,0
2019 X 7 X C2055 X AS27134,14
2019 X 7 X C2055 X AS27132,0
2019 X 7 X C2055 X AS27000,5
2019 X 7 X C2055 X AS27139,0
2019 X 7 X C2055 X AS27137,0
2019 X 7 X C2055 X AS27138,9
2019 X 7 X C2055 X AS27133,14
2019 X 8 X C2055 X AS27132,4
2019 X 8 X C2055 X AS27000,11
2019 X 8 X C2055 X AS27139,5
2019 X 8 X C2055 X AS27137,6
2019 X 8 X C2055 X AS27138,14
2019 X 8 X C2055 X AS27133,21
2019 X 9 X C2055 X AS27132,3
2019 X 9 X C2055 X AS27000,9
2019 X 9 X C2055 X AS27139,3
2019 X 9 X C2055 X AS27137,3
2019 X 9 X C2055 X AS27138,10
2019 X 9 X C2055 X AS27133,19
2019 X 9 X C5076 X AS27132,0
2019 X 9 X C5076 X AS27000,0
2019 X 9 X C5076 X AS27139,0
2019 X 9 X C5076 X AS27137,0
2019 X 9 X C5076 X AS27138,0
2019 X 9 X C5076 X AS27133,0
